-- phpMyAdmin SQL Dump
-- version 5.2.1
-- https://www.phpmyadmin.net/
--
-- Host: 127.0.0.1
-- Creato il: Apr 27, 2026 alle 20:48
-- Versione del server: 10.4.32-MariaDB
-- Versione PHP: 8.2.12

SET SQL_MODE = "NO_AUTO_VALUE_ON_ZERO";
START TRANSACTION;
SET time_zone = "+00:00";


/*!40101 SET @OLD_CHARACTER_SET_CLIENT=@@CHARACTER_SET_CLIENT */;
/*!40101 SET @OLD_CHARACTER_SET_RESULTS=@@CHARACTER_SET_RESULTS */;
/*!40101 SET @OLD_COLLATION_CONNECTION=@@COLLATION_CONNECTION */;
/*!40101 SET NAMES utf8mb4 */;

--
-- Database: `turnar`
--

-- --------------------------------------------------------

--
-- Struttura della tabella `app_notifications`
--

CREATE TABLE `app_notifications` (
  `id` int(10) UNSIGNED NOT NULL,
  `dipendente_id` int(10) UNSIGNED NOT NULL,
  `titolo` varchar(190) NOT NULL,
  `messaggio` text NOT NULL,
  `tipo` varchar(50) NOT NULL DEFAULT 'info',
  `link` varchar(255) DEFAULT NULL,
  `is_read` tinyint(1) NOT NULL DEFAULT 0,
  `created_at` timestamp NOT NULL DEFAULT current_timestamp(),
  `read_at` timestamp NULL DEFAULT NULL
) ENGINE=InnoDB DEFAULT CHARSET=utf8mb4 COLLATE=utf8mb4_unicode_ci;

-- --------------------------------------------------------

--
-- Struttura della tabella `app_push_subscriptions`
--

CREATE TABLE `app_push_subscriptions` (
  `id` int(10) UNSIGNED NOT NULL,
  `dipendente_id` int(10) UNSIGNED NOT NULL,
  `endpoint` varchar(500) NOT NULL,
  `p256dh` varchar(255) NOT NULL,
  `auth` varchar(255) NOT NULL,
  `user_agent` varchar(255) DEFAULT NULL,
  `created_at` timestamp NOT NULL DEFAULT current_timestamp(),
  `updated_at` timestamp NOT NULL DEFAULT current_timestamp() ON UPDATE current_timestamp()
) ENGINE=InnoDB DEFAULT CHARSET=utf8mb4 COLLATE=utf8mb4_unicode_ci;

-- --------------------------------------------------------

--
-- Struttura della tabella `cantieri`
--

CREATE TABLE `cantieri` (
  `id` int(10) UNSIGNED NOT NULL,
  `commessa` varchar(150) NOT NULL COMMENT 'nome cantiere/commessa',
  `cliente` varchar(255) DEFAULT NULL,
  `codice_commessa` varchar(100) DEFAULT NULL,
  `indirizzo` varchar(255) DEFAULT NULL,
  `comune` varchar(100) NOT NULL,
  `tipologia` varchar(50) NOT NULL COMMENT 'civile, industriale, ecc.',
  `stato` enum('pianificato','in_corso','sospeso','chiuso') NOT NULL DEFAULT 'pianificato',
  `cig` varchar(50) DEFAULT NULL,
  `cup` varchar(50) DEFAULT NULL,
  `data_inizio` date DEFAULT NULL,
  `data_fine_prevista` date DEFAULT NULL,
  `data_fine_effettiva` date DEFAULT NULL,
  `importo_previsto` decimal(12,2) DEFAULT NULL,
  `note_operativo` text DEFAULT NULL,
  `note` text DEFAULT NULL,
  `attivo` tinyint(1) NOT NULL DEFAULT 1,
  `created_at` datetime NOT NULL DEFAULT current_timestamp(),
  `updated_at` datetime NOT NULL DEFAULT current_timestamp() ON UPDATE current_timestamp(),
  `visibile_calendario` tinyint(1) NOT NULL DEFAULT 1,
  `is_special` tinyint(1) NOT NULL DEFAULT 0,
  `counts_as_work` tinyint(1) NOT NULL DEFAULT 1,
  `counts_as_absence` tinyint(1) NOT NULL DEFAULT 0,
  `pausa_pranzo` decimal(4,2) NOT NULL DEFAULT 1.00,
  `foto` varchar(255) DEFAULT NULL
) ENGINE=InnoDB DEFAULT CHARSET=utf8mb4 COLLATE=utf8mb4_unicode_ci COMMENT='Elenco cantieri / commesse';

--
-- Dump dei dati per la tabella `cantieri`
--

INSERT INTO `cantieri` (`id`, `commessa`, `cliente`, `codice_commessa`, `indirizzo`, `comune`, `tipologia`, `stato`, `cig`, `cup`, `data_inizio`, `data_fine_prevista`, `data_fine_effettiva`, `importo_previsto`, `note_operativo`, `note`, `attivo`, `created_at`, `updated_at`, `visibile_calendario`, `is_special`, `counts_as_work`, `counts_as_absence`, `pausa_pranzo`, `foto`) VALUES
(1, 'ADR SERAM ELETT.', 'SERAM', '044-25', 'Aeroporto Leonardo Da Vinci', 'Fiumicino', 'aeroportuale', 'in_corso', 'B7BC5D0751', NULL, '2026-03-01', NULL, NULL, NULL, NULL, 'Cantiere presso aeroporto', 1, '2025-11-05 15:39:51', '2026-04-21 18:43:29', 1, 0, 1, 0, 0.50, '/Turnar/uploads/destinations/adr_seram_elett_1776789809_3974.jpg'),
(2, '044-26 ATAC LOTTO 2 MAN.TVCC', 'ATAC SPA', '044-26', 'Atac Spa', 'Roma', 'ferroviario', 'in_corso', NULL, NULL, '2026-04-01', '2029-04-01', NULL, NULL, NULL, 'Ristrutturazione impianto elettrico', 1, '2025-11-05 15:39:51', '2026-04-21 18:43:56', 1, 0, 1, 0, 0.50, '/Turnar/uploads/destinations/044-26_atac_lotto_2_man_tvcc_1776789836_8503.png'),
(3, '069-25 MOLO D', 'ADR', '069-25', 'via dei fori imperiali', 'Roma', 'aeroportuale', 'in_corso', NULL, NULL, '2023-01-01', NULL, NULL, NULL, NULL, 'Manutenzione linea', 1, '2025-11-05 15:39:51', '2026-04-21 18:43:16', 1, 0, 1, 0, 1.00, '/Turnar/uploads/destinations/069-25_molo_d_1776789796_7565.jpg'),
(6, 'ATAC LOTTO 1 MAN.TVCC PORTA MAGGIORE-lavorazioni extra', 'ATAC SPA', '043-26', 'VIA PRENESTINA 45', 'roma', 'ferroviario', 'in_corso', 'B84A8193FD', '', '2026-04-01', NULL, NULL, NULL, '', NULL, 1, '2025-11-16 16:47:01', '2026-04-16 13:51:03', 1, 0, 1, 0, 1.00, NULL),
(7, 'Interventi', 'Interventi vari', '', 'roma', 'roma', 'altro', 'in_corso', '', '', NULL, NULL, NULL, NULL, '', NULL, 1, '2025-11-20 13:11:36', '2025-11-20 13:11:36', 1, 0, 1, 0, 1.00, NULL),
(8, 'AGN-Energia', 'AGN-Energia', '099-24', 'Via degli Oleodotti 25', 'roma', 'industriale', 'in_corso', NULL, NULL, NULL, NULL, NULL, NULL, NULL, NULL, 1, '2025-11-28 14:58:51', '2026-04-21 18:45:41', 1, 0, 1, 0, 0.50, '/Turnar/uploads/destinations/agn-energia_1776789941_9251.png'),
(9, 'Ferie', '', '', 'ferie', 'ferie', 'altro', 'in_corso', '', '', NULL, NULL, NULL, NULL, '', '', 1, '2026-04-11 14:45:49', '2026-04-22 13:27:28', 1, 1, 0, 1, 0.00, '/Turnar/uploads/destinations/ferie_1776623124_3068.jpg'),
(10, 'Permessi', '', '', 'italia', 'italia', 'altro', 'in_corso', '', '', NULL, NULL, NULL, NULL, '', '', 1, '2026-04-11 14:48:29', '2026-04-22 13:27:53', 1, 1, 0, 1, 0.00, '/Turnar/uploads/destinations/permessi_1776623310_1359.png'),
(11, 'Corsi di formazione', '', '', 'italia', 'italia', 'altro', 'in_corso', '', '', NULL, NULL, NULL, NULL, '', '', 1, '2026-04-11 14:49:50', '2026-04-22 13:11:26', 1, 1, 1, 0, 0.00, 'uploads/destinations/dest_20260422_131126_5bdbf019_corso.jpg'),
(12, 'Malattia', '', '', 'italia', 'italia', 'altro', 'in_corso', '', '', NULL, NULL, NULL, NULL, '', '', 1, '2026-04-11 16:54:33', '2026-04-22 13:27:45', 1, 1, 0, 1, 0.00, '/Turnar/uploads/destinations/malattia_1776623284_6001.jpg'),
(13, 'ADR SERAM MECC.', NULL, '044-25', 'Aeroporto Leonardo da Vinci', 'FIUMICINO', 'aeroportuale', 'in_corso', 'B7BC5D0751', NULL, '2026-03-01', NULL, NULL, NULL, NULL, NULL, 1, '2026-04-16 12:58:24', '2026-04-21 18:44:16', 1, 0, 1, 0, 0.50, '/Turnar/uploads/destinations/adr_seram_mecc_1776789856_3713.jpg'),
(14, '043-26 ATAC LOTTO 1 MAN.TVCC', 'ATAC SPA', '043-26', 'Atac Spa', 'Roma', 'ferroviario', 'in_corso', '', '', '2026-04-01', '2029-04-01', NULL, NULL, '', '', 1, '2026-04-16 18:22:35', '2026-04-22 12:53:36', 1, 0, 1, 0, 0.50, 'uploads/destinations/dest_20260422_125336_5fea9ea0_Atac.png'),
(15, 'REPERIBILITà ATAC LOTTO 1 MAN.TVCC', 'ATAC SPA', '043-26', 'Atac Spa', 'Roma', 'ferroviario', 'in_corso', NULL, NULL, '2026-04-01', '2029-04-01', NULL, NULL, NULL, NULL, 1, '2026-04-17 11:02:25', '2026-04-21 18:44:34', 1, 0, 1, 0, 0.00, '/Turnar/uploads/destinations/reperibilit_a_atac_lotto_1_man_tvcc_1776789874_5236.png'),
(16, 'REPERIBILITà ATAC LOTTO 2 MAN.TVCC', 'ATAC SPA', '044-26', 'Atac Spa', 'Roma', 'ferroviario', 'in_corso', NULL, NULL, '2026-04-01', '2029-04-01', NULL, NULL, NULL, NULL, 1, '2026-04-17 11:03:55', '2026-04-21 18:44:48', 1, 0, 1, 0, 0.00, '/Turnar/uploads/destinations/reperibilit_a_atac_lotto_2_man_tvcc_1776789888_8351.png'),
(17, 'Atac controllo accessi', 'Atac spa', NULL, 'Atac spa', 'roma', 'Controllo Accessi', '', '8033789C66', NULL, NULL, NULL, NULL, NULL, NULL, NULL, 1, '2026-04-21 18:21:33', '2026-04-21 18:22:55', 1, 0, 1, 0, 1.00, '/Turnar/uploads/destinations/atac_controllo_accessi_1776788574_2911.png');

-- --------------------------------------------------------

--
-- Struttura della tabella `dipendenti`
--

CREATE TABLE `dipendenti` (
  `id` int(10) UNSIGNED NOT NULL,
  `nome` varchar(100) NOT NULL,
  `cognome` varchar(100) NOT NULL,
  `matricola` varchar(100) DEFAULT NULL,
  `foto` varchar(255) DEFAULT NULL,
  `telefono` varchar(30) DEFAULT NULL,
  `email` varchar(150) DEFAULT NULL,
  `fcm_token` varchar(255) DEFAULT NULL,
  `codice_fiscale` varchar(16) DEFAULT NULL,
  `iban` varchar(34) DEFAULT NULL,
  `indirizzo_residenza` varchar(255) DEFAULT NULL,
  `data_assunzione` date DEFAULT NULL,
  `tipo_contratto` enum('indeterminato','determinato') NOT NULL DEFAULT 'indeterminato',
  `data_scadenza_contratto` date DEFAULT NULL,
  `username` varchar(100) DEFAULT NULL,
  `password` varchar(100) DEFAULT NULL,
  `tipologia` varchar(50) DEFAULT NULL COMMENT 'elettrico, meccanico, tecnico, ecc.',
  `livello` varchar(50) DEFAULT NULL,
  `preposto` tinyint(1) NOT NULL DEFAULT 0,
  `capo_cantiere` tinyint(1) NOT NULL DEFAULT 0,
  `attivo` tinyint(1) NOT NULL DEFAULT 1,
  `created_at` datetime NOT NULL DEFAULT current_timestamp(),
  `updated_at` datetime NOT NULL DEFAULT current_timestamp() ON UPDATE current_timestamp()
) ENGINE=InnoDB DEFAULT CHARSET=utf8mb4 COLLATE=utf8mb4_unicode_ci COMMENT='Elenco dipendenti assegnabili ai cantieri';

-- --------------------------------------------------------

--
-- Struttura della tabella `eventi_turni`
--

CREATE TABLE `eventi_turni` (
  `id` int(10) UNSIGNED NOT NULL,
  `data` date NOT NULL,
  `id_cantiere` int(10) UNSIGNED NOT NULL,
  `id_dipendente` int(10) UNSIGNED NOT NULL,
  `ora_inizio` time NOT NULL,
  `ora_fine` time NOT NULL,
  `note` text DEFAULT NULL,
  `is_capocantiere` tinyint(1) NOT NULL DEFAULT 0 COMMENT 'Capocantiere per quel giorno e cantiere',
  `created_at` datetime NOT NULL DEFAULT current_timestamp(),
  `updated_at` datetime NOT NULL DEFAULT current_timestamp() ON UPDATE current_timestamp(),
  `created_by` int(10) UNSIGNED DEFAULT NULL COMMENT 'utente che ha creato/modificato il turno'
) ENGINE=InnoDB DEFAULT CHARSET=utf8mb4 COLLATE=utf8mb4_unicode_ci COMMENT='Turni giornalieri dei dipendenti sui cantieri';

--
-- Dump dei dati per la tabella `eventi_turni`
--

INSERT INTO `eventi_turni` (`id`, `data`, `id_cantiere`, `id_dipendente`, `ora_inizio`, `ora_fine`, `note`, `is_capocantiere`, `created_at`, `updated_at`, `created_by`) VALUES
(163, '2026-03-31', 6, 20, '07:00:00', '16:00:00', NULL, 0, '2026-03-30 18:19:49', '2026-03-30 18:19:49', NULL),
(164, '2026-03-31', 6, 5, '07:00:00', '16:00:00', NULL, 0, '2026-03-30 18:19:49', '2026-03-30 18:19:49', NULL),
(166, '2026-03-31', 1, 39, '07:00:00', '15:30:00', NULL, 0, '2026-03-31 19:36:31', '2026-04-05 20:52:19', NULL),
(167, '2026-03-30', 1, 39, '07:00:00', '15:30:00', NULL, 0, '2026-03-31 19:36:31', '2026-04-05 20:51:28', NULL),
(170, '2026-03-31', 1, 6, '07:00:00', '15:30:00', NULL, 0, '2026-03-31 19:36:31', '2026-04-05 20:51:44', NULL),
(171, '2026-03-30', 1, 6, '07:00:00', '15:30:00', NULL, 0, '2026-03-31 19:36:31', '2026-04-05 20:50:43', NULL),
(173, '2026-03-26', 1, 6, '07:00:00', '15:30:00', NULL, 0, '2026-03-31 19:58:43', '2026-04-05 20:48:57', NULL),
(174, '2026-03-25', 1, 6, '07:00:00', '15:30:00', NULL, 0, '2026-03-31 19:58:44', '2026-04-05 20:48:18', NULL),
(175, '2026-03-24', 1, 6, '07:00:00', '15:30:00', NULL, 0, '2026-03-31 19:58:44', '2026-04-05 20:46:54', NULL),
(176, '2026-03-27', 1, 6, '07:00:00', '15:30:00', NULL, 0, '2026-03-31 19:58:44', '2026-04-05 20:49:33', NULL),
(183, '2026-03-27', 1, 25, '07:00:00', '15:30:00', NULL, 0, '2026-03-31 19:58:44', '2026-04-05 20:49:45', NULL),
(184, '2026-04-01', 1, 6, '07:00:00', '15:30:00', NULL, 0, '2026-03-31 20:05:12', '2026-04-05 20:52:34', NULL),
(185, '2026-04-02', 1, 6, '07:00:00', '15:30:00', NULL, 0, '2026-03-31 20:05:12', '2026-04-05 20:53:30', NULL),
(186, '2026-04-03', 1, 6, '07:00:00', '15:30:00', NULL, 0, '2026-03-31 20:05:12', '2026-04-05 20:54:11', NULL),
(187, '2026-04-01', 1, 39, '07:00:00', '15:30:00', NULL, 0, '2026-03-31 20:05:12', '2026-04-05 20:53:16', NULL),
(188, '2026-04-02', 1, 39, '07:00:00', '15:30:00', NULL, 0, '2026-03-31 20:05:12', '2026-04-05 20:53:57', NULL),
(189, '2026-04-03', 1, 39, '07:00:00', '15:30:00', NULL, 0, '2026-03-31 20:05:12', '2026-04-05 20:54:38', NULL),
(196, '2026-04-01', 6, 68, '07:00:00', '16:00:00', NULL, 0, '2026-03-31 20:38:19', '2026-03-31 20:38:19', NULL),
(197, '2026-04-01', 6, 5, '07:00:00', '16:00:00', NULL, 0, '2026-03-31 20:38:19', '2026-03-31 20:38:19', NULL),
(198, '2026-04-02', 6, 5, '07:00:00', '16:00:00', NULL, 0, '2026-04-02 17:45:57', '2026-04-02 17:45:57', NULL),
(199, '2026-04-03', 6, 5, '07:00:00', '16:00:00', NULL, 0, '2026-04-02 17:45:57', '2026-04-02 17:45:57', NULL),
(200, '2026-04-02', 6, 68, '07:00:00', '16:00:00', NULL, 0, '2026-04-02 17:45:57', '2026-04-02 17:45:57', NULL),
(201, '2026-04-03', 6, 68, '07:00:00', '16:00:00', NULL, 0, '2026-04-02 17:45:57', '2026-04-02 17:45:57', NULL),
(202, '2026-04-07', 1, 6, '07:00:00', '15:30:00', NULL, 0, '2026-04-03 11:36:06', '2026-04-05 20:54:53', NULL),
(204, '2026-04-09', 1, 6, '07:00:00', '15:30:00', NULL, 0, '2026-04-03 11:36:06', '2026-04-05 20:56:10', NULL),
(205, '2026-04-10', 1, 6, '07:00:00', '15:30:00', NULL, 0, '2026-04-03 11:36:06', '2026-04-05 20:56:48', NULL),
(206, '2026-04-07', 1, 39, '07:00:00', '15:30:00', NULL, 0, '2026-04-03 11:36:06', '2026-04-05 20:55:10', NULL),
(218, '2026-04-07', 6, 68, '11:00:00', '19:00:00', NULL, 0, '2026-04-07 08:43:13', '2026-04-07 08:43:13', NULL),
(221, '2026-04-10', 6, 68, '11:00:00', '19:00:00', NULL, 0, '2026-04-07 08:43:13', '2026-04-07 08:43:13', NULL),
(222, '2026-04-07', 6, 5, '11:00:00', '19:00:00', NULL, 0, '2026-04-07 08:43:13', '2026-04-07 08:43:13', NULL),
(223, '2026-04-08', 6, 5, '11:00:00', '19:00:00', NULL, 0, '2026-04-07 08:43:13', '2026-04-07 08:43:13', NULL),
(224, '2026-04-09', 6, 5, '11:00:00', '19:00:00', NULL, 0, '2026-04-07 08:43:13', '2026-04-07 08:43:13', NULL),
(225, '2026-04-10', 6, 5, '11:00:00', '19:00:00', NULL, 0, '2026-04-07 08:43:13', '2026-04-07 08:43:13', NULL),
(226, '2026-04-07', 6, 57, '11:00:00', '19:00:00', NULL, 0, '2026-04-07 08:43:13', '2026-04-07 08:43:13', NULL),
(227, '2026-04-08', 6, 57, '11:00:00', '19:00:00', NULL, 0, '2026-04-07 08:43:13', '2026-04-07 08:43:13', NULL),
(228, '2026-04-09', 6, 57, '11:00:00', '19:00:00', NULL, 0, '2026-04-07 08:43:13', '2026-04-07 08:43:13', NULL),
(229, '2026-04-10', 6, 57, '11:00:00', '19:00:00', NULL, 0, '2026-04-07 08:43:13', '2026-04-07 08:43:13', NULL),
(230, '2026-04-07', 6, 52, '11:00:00', '14:00:00', NULL, 0, '2026-04-07 08:43:13', '2026-04-07 21:04:51', NULL),
(231, '2026-04-08', 6, 52, '11:00:00', '19:00:00', NULL, 0, '2026-04-07 08:43:13', '2026-04-07 08:43:13', NULL),
(232, '2026-04-09', 6, 52, '11:00:00', '19:00:00', NULL, 0, '2026-04-07 08:43:13', '2026-04-07 08:43:13', NULL),
(233, '2026-04-10', 6, 52, '11:00:00', '19:00:00', NULL, 0, '2026-04-07 08:43:13', '2026-04-07 08:43:13', NULL),
(234, '2026-04-08', 8, 6, '07:00:00', '15:30:00', NULL, 0, '2026-04-07 10:51:21', '2026-04-07 10:51:21', NULL),
(235, '2026-04-08', 8, 39, '07:00:00', '15:30:00', NULL, 0, '2026-04-07 10:51:21', '2026-04-07 10:51:21', NULL),
(236, '2026-04-13', 1, 6, '07:00:00', '15:30:00', NULL, 0, '2026-04-10 20:18:51', '2026-04-10 20:18:51', NULL),
(237, '2026-04-14', 1, 6, '07:00:00', '15:30:00', NULL, 0, '2026-04-10 20:18:51', '2026-04-10 20:18:51', NULL),
(238, '2026-04-15', 1, 6, '07:00:00', '15:30:00', NULL, 0, '2026-04-10 20:18:51', '2026-04-10 20:18:51', NULL),
(239, '2026-04-16', 1, 6, '07:00:00', '15:30:00', NULL, 0, '2026-04-10 20:18:51', '2026-04-10 20:18:51', NULL),
(240, '2026-04-17', 1, 6, '07:00:00', '15:30:00', NULL, 0, '2026-04-10 20:18:51', '2026-04-10 20:18:51', NULL),
(256, '2026-04-13', 6, 57, '07:00:00', '16:00:00', NULL, 0, '2026-04-11 16:13:33', '2026-04-11 16:13:33', NULL),
(257, '2026-04-13', 6, 5, '07:00:00', '16:00:00', NULL, 0, '2026-04-11 16:13:33', '2026-04-11 16:13:33', NULL),
(260, '2026-04-14', 6, 57, '07:00:00', '16:00:00', NULL, 0, '2026-04-13 17:47:33', '2026-04-13 17:47:33', NULL),
(261, '2026-04-15', 6, 57, '07:00:00', '16:00:00', NULL, 0, '2026-04-13 17:47:33', '2026-04-13 17:47:33', NULL),
(262, '2026-04-14', 6, 69, '07:00:00', '16:00:00', NULL, 0, '2026-04-13 17:47:33', '2026-04-13 17:47:33', NULL),
(263, '2026-04-15', 6, 69, '07:00:00', '16:00:00', NULL, 0, '2026-04-13 17:47:33', '2026-04-13 17:47:33', NULL),
(265, '2026-04-15', 6, 68, '07:00:00', '16:00:00', NULL, 0, '2026-04-13 17:47:33', '2026-04-13 17:47:33', NULL),
(266, '2026-04-14', 6, 5, '07:00:00', '16:00:00', NULL, 0, '2026-04-13 17:47:33', '2026-04-13 17:47:33', NULL),
(267, '2026-04-15', 6, 5, '07:00:00', '16:00:00', NULL, 0, '2026-04-13 17:47:33', '2026-04-13 17:47:33', NULL),
(268, '2026-04-16', 1, 39, '07:00:00', '15:30:00', NULL, 0, '2026-04-15 13:34:37', '2026-04-15 13:34:37', NULL),
(269, '2026-04-17', 1, 39, '07:00:00', '15:30:00', NULL, 0, '2026-04-15 13:34:37', '2026-04-15 13:34:37', NULL),
(270, '2026-04-13', 12, 39, '07:00:00', '16:00:00', NULL, 0, '2026-04-16 10:39:54', '2026-04-16 10:39:54', NULL),
(271, '2026-04-14', 12, 39, '07:00:00', '16:00:00', NULL, 0, '2026-04-16 10:39:54', '2026-04-16 10:39:54', NULL),
(272, '2026-04-15', 12, 39, '07:00:00', '16:00:00', NULL, 0, '2026-04-16 10:39:54', '2026-04-16 10:39:54', NULL),
(273, '2026-04-17', 10, 33, '07:00:00', '16:00:00', NULL, 0, '2026-04-16 11:52:49', '2026-04-16 11:52:49', NULL),
(274, '2026-04-16', 8, 5, '07:00:00', '13:00:00', NULL, 0, '2026-04-16 11:56:23', '2026-04-16 13:49:26', NULL),
(275, '2026-04-16', 8, 69, '07:00:00', '13:00:00', NULL, 0, '2026-04-16 11:57:33', '2026-04-16 13:49:16', NULL),
(276, '2026-04-01', 13, 29, '07:00:00', '15:30:00', NULL, 0, '2026-04-16 13:14:03', '2026-04-16 13:14:03', NULL),
(277, '2026-04-02', 13, 29, '07:00:00', '15:30:00', NULL, 0, '2026-04-16 13:14:03', '2026-04-16 13:14:03', NULL),
(278, '2026-04-03', 13, 29, '07:00:00', '15:30:00', NULL, 0, '2026-04-16 13:14:03', '2026-04-16 13:14:03', NULL),
(279, '2026-04-01', 13, 25, '07:00:00', '15:30:00', NULL, 0, '2026-04-16 13:14:03', '2026-04-16 13:14:03', NULL),
(280, '2026-04-02', 13, 25, '07:00:00', '15:30:00', NULL, 0, '2026-04-16 13:14:03', '2026-04-16 13:14:03', NULL),
(281, '2026-04-03', 13, 25, '07:00:00', '15:30:00', NULL, 0, '2026-04-16 13:14:03', '2026-04-16 13:14:03', NULL),
(282, '2026-04-07', 13, 29, '07:00:00', '15:30:00', NULL, 0, '2026-04-16 13:15:36', '2026-04-16 13:15:36', NULL),
(283, '2026-04-08', 13, 29, '07:00:00', '15:30:00', NULL, 0, '2026-04-16 13:15:36', '2026-04-16 13:15:36', NULL),
(284, '2026-04-09', 13, 29, '07:00:00', '15:30:00', NULL, 0, '2026-04-16 13:15:36', '2026-04-16 13:15:36', NULL),
(285, '2026-04-10', 13, 29, '07:00:00', '15:30:00', NULL, 0, '2026-04-16 13:15:36', '2026-04-16 13:15:36', NULL),
(286, '2026-04-13', 13, 29, '07:00:00', '15:30:00', NULL, 0, '2026-04-16 13:15:36', '2026-04-16 13:15:36', NULL),
(287, '2026-04-07', 13, 42, '07:00:00', '15:30:00', NULL, 0, '2026-04-16 13:15:36', '2026-04-16 13:15:36', NULL),
(288, '2026-04-08', 13, 42, '07:00:00', '15:30:00', NULL, 0, '2026-04-16 13:15:36', '2026-04-16 13:15:36', NULL),
(289, '2026-04-09', 13, 42, '07:00:00', '15:30:00', NULL, 0, '2026-04-16 13:15:36', '2026-04-16 13:15:36', NULL),
(290, '2026-04-10', 13, 42, '07:00:00', '15:30:00', NULL, 0, '2026-04-16 13:15:36', '2026-04-16 13:15:36', NULL),
(291, '2026-04-13', 13, 42, '07:00:00', '15:30:00', NULL, 0, '2026-04-16 13:15:36', '2026-04-16 13:15:36', NULL),
(292, '2026-04-14', 13, 29, '07:00:00', '15:30:00', NULL, 0, '2026-04-16 13:16:37', '2026-04-16 13:16:37', NULL),
(293, '2026-04-15', 13, 29, '07:00:00', '15:30:00', NULL, 0, '2026-04-16 13:16:37', '2026-04-16 13:16:37', NULL),
(294, '2026-04-14', 13, 42, '07:00:00', '15:30:00', NULL, 0, '2026-04-16 13:16:37', '2026-04-16 13:16:37', NULL),
(295, '2026-04-15', 13, 42, '07:00:00', '15:30:00', NULL, 0, '2026-04-16 13:16:37', '2026-04-16 13:16:37', NULL),
(296, '2026-04-14', 13, 33, '07:00:00', '15:30:00', NULL, 0, '2026-04-16 13:16:37', '2026-04-16 13:16:37', NULL),
(297, '2026-04-15', 13, 33, '07:00:00', '15:30:00', NULL, 0, '2026-04-16 13:16:37', '2026-04-16 13:16:37', NULL),
(298, '2026-04-16', 13, 29, '07:00:00', '15:30:00', NULL, 0, '2026-04-16 13:20:17', '2026-04-16 13:20:17', NULL),
(299, '2026-04-16', 13, 42, '07:00:00', '15:30:00', NULL, 0, '2026-04-16 13:20:17', '2026-04-16 13:20:17', NULL),
(300, '2026-04-16', 13, 33, '07:00:00', '15:30:00', NULL, 0, '2026-04-16 13:20:17', '2026-04-16 13:20:17', NULL),
(301, '2026-04-17', 13, 29, '07:00:00', '15:30:00', NULL, 0, '2026-04-16 13:23:30', '2026-04-16 13:23:30', NULL),
(302, '2026-04-17', 13, 42, '07:00:00', '15:30:00', NULL, 0, '2026-04-16 13:23:30', '2026-04-16 13:23:30', NULL),
(309, '2026-03-24', 13, 29, '07:00:00', '15:30:00', NULL, 0, '2026-04-16 13:37:06', '2026-04-16 13:37:06', NULL),
(310, '2026-03-25', 13, 29, '07:00:00', '15:30:00', NULL, 0, '2026-04-16 13:37:06', '2026-04-16 13:37:06', NULL),
(311, '2026-03-26', 13, 29, '07:00:00', '15:30:00', NULL, 0, '2026-04-16 13:37:06', '2026-04-16 13:37:06', NULL),
(312, '2026-03-24', 13, 25, '07:00:00', '15:30:00', NULL, 0, '2026-04-16 13:37:06', '2026-04-16 13:37:06', NULL),
(313, '2026-03-25', 13, 25, '07:00:00', '15:30:00', NULL, 0, '2026-04-16 13:37:06', '2026-04-16 13:37:06', NULL),
(314, '2026-03-26', 13, 25, '07:00:00', '15:30:00', NULL, 0, '2026-04-16 13:37:06', '2026-04-16 13:37:06', NULL),
(315, '2026-03-30', 13, 29, '07:00:00', '15:30:00', NULL, 0, '2026-04-16 13:38:18', '2026-04-16 13:38:18', NULL),
(316, '2026-03-30', 13, 20, '07:00:00', '15:30:00', NULL, 0, '2026-04-16 13:38:18', '2026-04-16 13:38:18', NULL),
(317, '2026-03-31', 13, 29, '07:00:00', '15:30:00', NULL, 0, '2026-04-16 13:39:30', '2026-04-16 13:39:30', NULL),
(318, '2026-03-31', 13, 25, '07:00:00', '15:30:00', NULL, 0, '2026-04-16 13:39:30', '2026-04-16 13:39:30', NULL),
(320, '2026-03-27', 10, 29, '07:00:00', '16:00:00', NULL, 0, '2026-04-16 13:42:40', '2026-04-16 13:42:40', NULL),
(321, '2026-03-30', 10, 25, '07:00:00', '16:00:00', NULL, 0, '2026-04-16 13:43:35', '2026-04-16 13:43:35', NULL),
(322, '2026-04-01', 2, 27, '08:00:00', '16:30:00', NULL, 0, '2026-04-17 11:13:46', '2026-04-17 11:13:46', NULL),
(323, '2026-04-01', 2, 63, '08:00:00', '16:30:00', NULL, 0, '2026-04-17 11:13:46', '2026-04-17 11:13:46', NULL),
(324, '2026-04-01', 2, 8, '08:00:00', '16:30:00', NULL, 0, '2026-04-17 11:13:46', '2026-04-17 11:13:46', NULL),
(325, '2026-04-01', 2, 55, '08:00:00', '15:30:00', NULL, 0, '2026-04-17 11:13:46', '2026-04-17 11:13:46', NULL),
(326, '2026-04-01', 14, 26, '07:00:00', '15:30:00', NULL, 0, '2026-04-17 11:13:46', '2026-04-17 11:13:46', NULL),
(327, '2026-04-01', 14, 67, '08:00:00', '16:30:00', NULL, 0, '2026-04-17 11:13:46', '2026-04-17 11:13:46', NULL),
(328, '2026-04-01', 14, 16, '08:00:00', '16:30:00', NULL, 0, '2026-04-17 11:13:46', '2026-04-17 11:13:46', NULL),
(329, '2026-04-02', 14, 37, '08:00:00', '16:30:00', NULL, 0, '2026-04-17 11:13:46', '2026-04-19 16:43:09', NULL),
(330, '2026-04-02', 14, 19, '07:00:00', '14:30:00', NULL, 0, '2026-04-17 11:13:46', '2026-04-19 15:50:13', NULL),
(331, '2026-04-01', 14, 15, '08:00:00', '15:30:00', NULL, 0, '2026-04-17 11:13:46', '2026-04-17 11:13:46', NULL),
(332, '2026-04-02', 14, 26, '07:00:00', '15:30:00', NULL, 0, '2026-04-17 11:21:32', '2026-04-17 11:21:32', NULL),
(333, '2026-04-02', 14, 67, '08:00:00', '16:30:00', NULL, 0, '2026-04-17 11:21:32', '2026-04-17 11:21:32', NULL),
(334, '2026-04-02', 14, 16, '08:00:00', '16:30:00', NULL, 0, '2026-04-17 11:21:32', '2026-04-17 11:21:32', NULL),
(337, '2026-04-02', 14, 15, '08:00:00', '15:30:00', NULL, 0, '2026-04-17 11:21:32', '2026-04-17 11:21:32', NULL),
(338, '2026-04-02', 2, 8, '08:00:00', '16:30:00', NULL, 0, '2026-04-17 11:21:32', '2026-04-17 11:21:32', NULL),
(339, '2026-04-02', 2, 27, '08:00:00', '16:30:00', NULL, 0, '2026-04-17 11:21:32', '2026-04-17 11:21:32', NULL),
(340, '2026-04-02', 2, 63, '08:00:00', '16:30:00', NULL, 0, '2026-04-17 11:21:32', '2026-04-17 11:21:32', NULL),
(341, '2026-04-02', 2, 55, '08:00:00', '15:30:00', NULL, 0, '2026-04-17 11:21:32', '2026-04-17 11:21:32', NULL),
(342, '2026-04-03', 14, 26, '07:00:00', '15:30:00', NULL, 0, '2026-04-17 11:29:32', '2026-04-17 11:29:32', NULL),
(343, '2026-04-03', 14, 67, '08:00:00', '16:30:00', NULL, 0, '2026-04-17 11:29:32', '2026-04-17 11:29:32', NULL),
(344, '2026-04-03', 14, 16, '08:00:00', '16:30:00', NULL, 0, '2026-04-17 11:29:32', '2026-04-17 11:29:32', NULL),
(345, '2026-04-03', 14, 37, '08:00:00', '16:30:00', NULL, 0, '2026-04-17 11:29:32', '2026-04-17 11:29:32', NULL),
(346, '2026-04-03', 14, 19, '07:00:00', '14:30:00', NULL, 0, '2026-04-17 11:29:32', '2026-04-17 11:29:32', NULL),
(347, '2026-04-03', 14, 15, '08:00:00', '15:30:00', NULL, 0, '2026-04-17 11:29:32', '2026-04-17 11:29:32', NULL),
(348, '2026-04-03', 2, 55, '08:00:00', '15:30:00', NULL, 0, '2026-04-17 11:29:32', '2026-04-17 11:29:32', NULL),
(349, '2026-04-03', 2, 27, '08:00:00', '15:30:00', NULL, 0, '2026-04-17 11:29:32', '2026-04-17 11:29:32', NULL),
(350, '2026-04-03', 2, 8, '08:00:00', '16:30:00', NULL, 0, '2026-04-17 11:29:32', '2026-04-17 11:29:32', NULL),
(351, '2026-04-03', 2, 63, '08:00:00', '16:30:00', NULL, 0, '2026-04-17 11:29:32', '2026-04-17 11:29:32', NULL),
(353, '2026-04-04', 14, 19, '08:00:00', '13:00:00', NULL, 0, '2026-04-17 11:32:48', '2026-04-17 11:32:48', NULL),
(354, '2026-04-04', 14, 15, '08:00:00', '13:00:00', NULL, 0, '2026-04-17 11:32:48', '2026-04-17 11:32:48', NULL),
(355, '2026-04-04', 2, 55, '08:00:00', '13:00:00', NULL, 0, '2026-04-17 11:32:48', '2026-04-17 11:32:48', NULL),
(356, '2026-04-07', 14, 16, '08:00:00', '16:30:00', NULL, 0, '2026-04-17 11:47:24', '2026-04-17 11:47:24', NULL),
(357, '2026-04-07', 14, 26, '06:00:00', '14:30:00', NULL, 0, '2026-04-17 11:47:24', '2026-04-17 11:47:24', NULL),
(358, '2026-04-07', 14, 20, '08:00:00', '16:30:00', NULL, 0, '2026-04-17 11:47:24', '2026-04-17 11:47:24', NULL),
(359, '2026-04-07', 14, 19, '06:00:00', '14:30:00', NULL, 0, '2026-04-17 11:47:24', '2026-04-17 11:47:24', NULL),
(360, '2026-04-07', 14, 55, '08:00:00', '16:30:00', NULL, 0, '2026-04-17 11:47:24', '2026-04-17 11:47:24', NULL),
(361, '2026-04-07', 14, 15, '08:00:00', '15:30:00', NULL, 0, '2026-04-17 11:47:24', '2026-04-17 11:47:24', NULL),
(362, '2026-04-07', 2, 37, '08:00:00', '15:30:00', NULL, 0, '2026-04-17 11:47:24', '2026-04-17 11:47:24', NULL),
(363, '2026-04-07', 2, 51, '08:00:00', '16:30:00', NULL, 0, '2026-04-17 11:47:24', '2026-04-17 11:47:24', NULL),
(364, '2026-04-07', 2, 25, '08:00:00', '16:30:00', NULL, 0, '2026-04-17 11:47:24', '2026-04-17 11:47:24', NULL),
(365, '2026-04-07', 2, 63, '08:00:00', '16:30:00', NULL, 0, '2026-04-17 11:47:24', '2026-04-17 11:47:24', NULL),
(366, '2026-04-07', 2, 27, '08:00:00', '16:30:00', NULL, 0, '2026-04-17 11:47:24', '2026-04-17 11:47:24', NULL),
(367, '2026-04-07', 2, 8, '08:00:00', '16:30:00', NULL, 0, '2026-04-17 11:47:24', '2026-04-17 11:47:24', NULL),
(368, '2026-04-08', 14, 59, '00:30:00', '04:30:00', NULL, 0, '2026-04-17 11:50:54', '2026-04-17 11:50:54', NULL),
(369, '2026-04-08', 14, 59, '20:00:00', '23:59:00', NULL, 0, '2026-04-17 11:55:45', '2026-04-17 11:55:45', NULL),
(370, '2026-04-08', 14, 41, '00:30:00', '04:30:00', NULL, 0, '2026-04-17 11:57:24', '2026-04-17 11:57:24', NULL),
(371, '2026-04-08', 14, 41, '20:00:00', '23:59:00', NULL, 0, '2026-04-17 11:57:50', '2026-04-17 11:57:50', NULL),
(372, '2026-04-08', 14, 26, '06:00:00', '14:30:00', NULL, 0, '2026-04-17 12:04:39', '2026-04-17 12:04:39', NULL),
(373, '2026-04-08', 14, 16, '08:00:00', '14:30:00', NULL, 0, '2026-04-17 12:04:39', '2026-04-17 12:04:39', NULL),
(374, '2026-04-08', 14, 20, '08:00:00', '16:30:00', NULL, 0, '2026-04-17 12:04:39', '2026-04-17 12:04:39', NULL),
(375, '2026-04-08', 14, 68, '06:00:00', '14:30:00', NULL, 0, '2026-04-17 12:04:39', '2026-04-17 12:04:39', NULL),
(376, '2026-04-08', 14, 55, '08:00:00', '16:30:00', NULL, 0, '2026-04-17 12:04:39', '2026-04-17 12:04:39', NULL),
(377, '2026-04-08', 14, 15, '08:00:00', '15:30:00', NULL, 0, '2026-04-17 12:04:39', '2026-04-17 12:04:39', NULL),
(378, '2026-04-08', 2, 27, '08:00:00', '16:30:00', NULL, 0, '2026-04-17 12:04:39', '2026-04-17 12:04:39', NULL),
(379, '2026-04-08', 2, 37, '08:00:00', '15:30:00', NULL, 0, '2026-04-17 12:04:39', '2026-04-17 12:04:39', NULL),
(380, '2026-04-08', 2, 51, '08:00:00', '16:30:00', NULL, 0, '2026-04-17 12:04:39', '2026-04-17 12:04:39', NULL),
(381, '2026-04-08', 2, 25, '08:00:00', '16:30:00', NULL, 0, '2026-04-17 12:04:39', '2026-04-17 12:04:39', NULL),
(382, '2026-04-08', 2, 63, '08:00:00', '16:30:00', NULL, 0, '2026-04-17 12:04:39', '2026-04-17 12:04:39', NULL),
(383, '2026-04-08', 2, 8, '08:00:00', '16:30:00', NULL, 0, '2026-04-17 12:04:39', '2026-04-17 12:04:39', NULL),
(384, '2026-04-09', 14, 59, '00:30:00', '04:30:00', NULL, 0, '2026-04-17 12:28:21', '2026-04-17 12:28:21', NULL),
(385, '2026-04-09', 14, 59, '20:00:00', '23:59:00', NULL, 0, '2026-04-17 12:28:56', '2026-04-17 12:28:56', NULL),
(386, '2026-04-09', 14, 41, '00:30:00', '04:30:00', NULL, 0, '2026-04-17 12:29:53', '2026-04-17 12:29:53', NULL),
(387, '2026-04-09', 14, 41, '22:00:00', '23:59:00', NULL, 0, '2026-04-17 12:30:32', '2026-04-17 12:30:32', NULL),
(388, '2026-04-09', 14, 26, '06:00:00', '14:30:00', NULL, 0, '2026-04-17 12:37:08', '2026-04-17 12:37:08', NULL),
(389, '2026-04-09', 14, 68, '08:00:00', '16:30:00', NULL, 0, '2026-04-17 12:37:08', '2026-04-17 12:37:08', NULL),
(390, '2026-04-09', 14, 20, '08:00:00', '16:30:00', NULL, 0, '2026-04-17 12:37:08', '2026-04-17 12:37:08', NULL),
(391, '2026-04-09', 14, 19, '06:00:00', '14:30:00', NULL, 0, '2026-04-17 12:37:08', '2026-04-17 12:37:08', NULL),
(392, '2026-04-09', 14, 15, '08:00:00', '15:30:00', NULL, 0, '2026-04-17 12:37:08', '2026-04-17 12:37:08', NULL),
(393, '2026-04-09', 2, 27, '08:00:00', '16:30:00', NULL, 0, '2026-04-17 12:37:08', '2026-04-17 12:37:08', NULL),
(394, '2026-04-09', 2, 37, '08:00:00', '15:30:00', NULL, 0, '2026-04-17 12:37:08', '2026-04-17 12:37:08', NULL),
(395, '2026-04-09', 2, 51, '08:00:00', '16:30:00', NULL, 0, '2026-04-17 12:37:08', '2026-04-17 12:37:08', NULL),
(396, '2026-04-09', 2, 25, '08:00:00', '16:30:00', NULL, 0, '2026-04-17 12:37:08', '2026-04-17 12:37:08', NULL),
(397, '2026-04-09', 2, 8, '08:00:00', '16:30:00', NULL, 0, '2026-04-17 12:37:08', '2026-04-17 12:37:08', NULL),
(398, '2026-04-09', 2, 63, '08:00:00', '16:30:00', NULL, 0, '2026-04-17 12:37:08', '2026-04-17 12:37:08', NULL),
(399, '2026-04-10', 14, 59, '00:30:00', '04:30:00', NULL, 0, '2026-04-17 12:42:23', '2026-04-17 12:42:23', NULL),
(400, '2026-04-10', 14, 41, '00:30:00', '04:30:00', NULL, 0, '2026-04-17 12:42:23', '2026-04-17 12:42:23', NULL),
(401, '2026-04-10', 14, 59, '20:00:00', '23:59:00', NULL, 0, '2026-04-17 12:44:16', '2026-04-17 12:44:16', NULL),
(402, '2026-04-10', 14, 41, '22:00:00', '23:59:00', NULL, 0, '2026-04-17 12:44:16', '2026-04-17 12:44:16', NULL),
(403, '2026-04-10', 14, 26, '06:00:00', '14:30:00', NULL, 0, '2026-04-17 12:50:12', '2026-04-17 12:50:12', NULL),
(404, '2026-04-10', 14, 20, '08:00:00', '16:30:00', NULL, 0, '2026-04-17 12:50:12', '2026-04-17 12:50:12', NULL),
(405, '2026-04-10', 14, 19, '06:00:00', '14:30:00', NULL, 0, '2026-04-17 12:50:12', '2026-04-17 12:50:12', NULL),
(406, '2026-04-10', 14, 15, '08:00:00', '15:30:00', NULL, 0, '2026-04-17 12:50:12', '2026-04-17 12:50:12', NULL),
(407, '2026-04-10', 2, 37, '08:00:00', '15:30:00', NULL, 0, '2026-04-17 12:50:12', '2026-04-17 12:50:12', NULL),
(408, '2026-04-10', 2, 51, '08:00:00', '16:30:00', NULL, 0, '2026-04-17 12:50:12', '2026-04-17 12:50:12', NULL),
(409, '2026-04-10', 2, 25, '08:00:00', '16:30:00', NULL, 0, '2026-04-17 12:50:12', '2026-04-17 12:50:12', NULL),
(410, '2026-04-10', 2, 27, '08:00:00', '16:30:00', NULL, 0, '2026-04-17 12:50:12', '2026-04-17 12:50:12', NULL),
(411, '2026-04-10', 2, 8, '08:00:00', '16:30:00', NULL, 0, '2026-04-17 12:50:12', '2026-04-17 12:50:12', NULL),
(412, '2026-04-10', 2, 63, '08:00:00', '16:30:00', NULL, 0, '2026-04-17 12:50:12', '2026-04-17 12:50:12', NULL),
(413, '2026-04-11', 14, 59, '00:30:00', '04:30:00', NULL, 0, '2026-04-17 12:51:37', '2026-04-17 12:51:37', NULL),
(414, '2026-04-11', 2, 37, '08:00:00', '13:00:00', NULL, 0, '2026-04-17 12:52:11', '2026-04-17 12:52:11', NULL),
(415, '2026-04-11', 2, 54, '08:00:00', '13:00:00', NULL, 0, '2026-04-17 12:53:01', '2026-04-17 12:53:01', NULL),
(416, '2026-04-11', 14, 41, '00:30:00', '04:30:00', NULL, 0, '2026-04-17 12:54:13', '2026-04-17 12:54:13', NULL),
(417, '2026-04-11', 14, 57, '08:00:00', '13:00:00', NULL, 0, '2026-04-17 12:54:13', '2026-04-17 12:54:13', NULL),
(418, '2026-04-11', 14, 26, '06:00:00', '14:30:00', NULL, 0, '2026-04-17 12:55:02', '2026-04-17 12:55:02', NULL),
(419, '2026-04-11', 14, 68, '06:00:00', '14:30:00', NULL, 0, '2026-04-17 12:55:02', '2026-04-17 12:55:02', NULL),
(420, '2026-04-11', 14, 15, '08:00:00', '16:30:00', NULL, 0, '2026-04-17 12:56:52', '2026-04-17 12:56:52', NULL),
(421, '2026-04-11', 14, 16, '20:00:00', '23:59:00', NULL, 0, '2026-04-17 12:56:52', '2026-04-17 12:56:52', NULL),
(422, '2026-04-11', 14, 55, '20:00:00', '23:59:00', NULL, 0, '2026-04-17 12:56:52', '2026-04-17 12:56:52', NULL),
(423, '2026-04-12', 14, 16, '00:00:00', '04:30:00', NULL, 0, '2026-04-17 12:58:42', '2026-04-17 12:58:42', NULL),
(424, '2026-04-12', 14, 55, '00:00:00', '04:30:00', NULL, 0, '2026-04-17 12:58:42', '2026-04-17 12:58:42', NULL),
(425, '2026-04-12', 14, 16, '20:00:00', '23:59:00', NULL, 0, '2026-04-17 12:59:29', '2026-04-17 12:59:29', NULL),
(426, '2026-04-12', 14, 55, '20:00:00', '23:59:00', NULL, 0, '2026-04-17 12:59:29', '2026-04-17 12:59:29', NULL),
(427, '2026-04-13', 14, 55, '00:00:00', '04:30:00', NULL, 0, '2026-04-17 13:03:48', '2026-04-17 13:03:48', NULL),
(428, '2026-04-13', 14, 16, '00:00:00', '04:30:00', NULL, 0, '2026-04-17 13:03:48', '2026-04-17 13:03:48', NULL),
(429, '2026-04-13', 2, 51, '07:00:00', '15:30:00', NULL, 0, '2026-04-17 13:04:46', '2026-04-17 13:04:46', NULL),
(430, '2026-04-13', 14, 68, '08:00:00', '16:30:00', NULL, 0, '2026-04-17 13:06:56', '2026-04-17 13:06:56', NULL),
(431, '2026-04-13', 14, 52, '08:00:00', '16:30:00', NULL, 0, '2026-04-17 13:06:56', '2026-04-17 13:06:56', NULL),
(432, '2026-04-13', 14, 20, '08:00:00', '16:30:00', NULL, 0, '2026-04-17 13:06:56', '2026-04-17 13:06:56', NULL),
(433, '2026-04-13', 14, 41, '08:00:00', '17:00:00', NULL, 0, '2026-04-17 13:06:56', '2026-04-17 13:06:56', NULL),
(434, '2026-04-13', 2, 25, '07:00:00', '15:30:00', NULL, 0, '2026-04-17 13:07:52', '2026-04-17 13:07:52', NULL),
(435, '2026-04-13', 2, 37, '08:30:00', '16:00:00', NULL, 0, '2026-04-17 13:13:31', '2026-04-17 13:13:31', NULL),
(436, '2026-04-13', 2, 63, '07:00:00', '15:30:00', NULL, 0, '2026-04-17 13:13:31', '2026-04-17 13:13:31', NULL),
(437, '2026-04-13', 2, 27, '08:30:00', '17:00:00', NULL, 0, '2026-04-17 13:13:31', '2026-04-17 13:13:31', NULL),
(438, '2026-04-13', 14, 67, '08:00:00', '17:00:00', NULL, 0, '2026-04-17 13:13:31', '2026-04-17 13:13:31', NULL),
(439, '2026-04-13', 14, 59, '06:00:00', '14:00:00', NULL, 0, '2026-04-17 13:13:31', '2026-04-17 13:13:31', NULL),
(440, '2026-04-13', 14, 19, '06:00:00', '14:30:00', NULL, 0, '2026-04-17 13:13:31', '2026-04-17 13:13:31', NULL),
(441, '2026-04-13', 14, 15, '08:00:00', '16:00:00', NULL, 0, '2026-04-17 13:13:31', '2026-04-17 13:13:31', NULL),
(442, '2026-04-13', 14, 55, '20:00:00', '23:59:00', NULL, 0, '2026-04-17 13:13:31', '2026-04-17 13:13:31', NULL),
(443, '2026-04-13', 14, 16, '20:00:00', '23:59:00', NULL, 0, '2026-04-17 13:13:31', '2026-04-17 13:13:31', NULL),
(444, '2026-04-14', 14, 55, '00:00:00', '04:30:00', NULL, 0, '2026-04-17 13:16:18', '2026-04-17 13:16:18', NULL),
(445, '2026-04-14', 14, 16, '00:00:00', '04:30:00', NULL, 0, '2026-04-17 13:16:18', '2026-04-17 13:16:18', NULL),
(446, '2026-04-14', 14, 41, '08:00:00', '17:00:00', NULL, 0, '2026-04-17 13:18:34', '2026-04-17 13:18:34', NULL),
(447, '2026-04-14', 14, 68, '07:00:00', '16:00:00', NULL, 0, '2026-04-17 13:18:34', '2026-04-17 13:18:34', NULL),
(448, '2026-04-14', 2, 51, '07:00:00', '15:30:00', NULL, 0, '2026-04-17 13:21:01', '2026-04-17 13:21:01', NULL),
(449, '2026-04-14', 2, 37, '08:30:00', '16:00:00', NULL, 0, '2026-04-17 13:21:01', '2026-04-17 13:21:01', NULL),
(450, '2026-04-14', 2, 27, '08:30:00', '17:00:00', NULL, 0, '2026-04-17 13:21:01', '2026-04-17 13:21:01', NULL),
(451, '2026-04-14', 2, 63, '07:00:00', '15:30:00', NULL, 0, '2026-04-17 13:21:01', '2026-04-17 13:21:01', NULL),
(452, '2026-04-14', 2, 25, '07:00:00', '15:30:00', NULL, 0, '2026-04-17 13:22:19', '2026-04-19 14:49:38', NULL),
(453, '2026-04-14', 14, 20, '08:00:00', '16:30:00', NULL, 0, '2026-04-17 13:25:35', '2026-04-17 13:25:35', NULL),
(454, '2026-04-14', 14, 67, '08:00:00', '17:00:00', NULL, 0, '2026-04-17 13:25:35', '2026-04-17 13:25:35', NULL),
(455, '2026-04-14', 14, 19, '06:00:00', '14:30:00', NULL, 0, '2026-04-17 13:25:35', '2026-04-17 13:25:35', NULL),
(456, '2026-04-14', 14, 59, '06:00:00', '14:00:00', NULL, 0, '2026-04-17 13:25:35', '2026-04-17 13:25:35', NULL),
(457, '2026-04-14', 14, 15, '08:00:00', '16:00:00', NULL, 0, '2026-04-17 13:25:35', '2026-04-17 13:25:35', NULL),
(458, '2026-04-14', 14, 16, '20:00:00', '23:59:00', NULL, 0, '2026-04-17 13:25:35', '2026-04-17 13:25:35', NULL),
(459, '2026-04-15', 14, 16, '00:00:00', '04:30:00', NULL, 0, '2026-04-17 13:29:42', '2026-04-17 13:29:42', NULL),
(460, '2026-04-15', 14, 41, '08:00:00', '17:00:00', NULL, 0, '2026-04-17 13:30:09', '2026-04-17 13:30:09', NULL),
(461, '2026-04-15', 2, 51, '07:00:00', '15:30:00', NULL, 0, '2026-04-17 13:31:27', '2026-04-17 13:31:27', NULL),
(462, '2026-04-15', 2, 37, '08:30:00', '16:00:00', NULL, 0, '2026-04-17 13:33:24', '2026-04-17 13:33:24', NULL),
(463, '2026-04-15', 2, 27, '08:30:00', '17:00:00', NULL, 0, '2026-04-17 13:33:24', '2026-04-17 13:33:24', NULL),
(464, '2026-04-15', 2, 63, '07:00:00', '15:30:00', NULL, 0, '2026-04-17 13:33:24', '2026-04-17 13:33:24', NULL),
(465, '2026-04-15', 14, 20, '08:00:00', '16:30:00', NULL, 0, '2026-04-17 13:36:27', '2026-04-17 13:36:27', NULL),
(466, '2026-04-15', 14, 67, '08:00:00', '17:00:00', NULL, 0, '2026-04-17 13:36:27', '2026-04-17 13:36:27', NULL),
(467, '2026-04-15', 14, 19, '06:00:00', '14:30:00', NULL, 0, '2026-04-17 13:36:27', '2026-04-17 13:36:27', NULL),
(468, '2026-04-15', 14, 59, '06:00:00', '14:00:00', NULL, 0, '2026-04-17 13:36:27', '2026-04-17 13:36:27', NULL),
(469, '2026-04-15', 14, 15, '08:00:00', '16:00:00', NULL, 0, '2026-04-17 13:36:27', '2026-04-17 13:36:27', NULL),
(470, '2026-04-15', 14, 16, '20:00:00', '23:59:00', NULL, 0, '2026-04-17 13:36:27', '2026-04-17 13:36:27', NULL),
(471, '2026-04-16', 14, 16, '00:00:00', '04:30:00', NULL, 0, '2026-04-17 13:38:05', '2026-04-17 13:38:05', NULL),
(472, '2026-04-16', 14, 41, '08:00:00', '17:00:00', NULL, 0, '2026-04-17 13:38:05', '2026-04-17 13:38:05', NULL),
(473, '2026-04-16', 2, 37, '08:30:00', '16:00:00', NULL, 0, '2026-04-17 13:39:16', '2026-04-17 13:39:16', NULL),
(474, '2026-04-16', 14, 67, '08:00:00', '17:00:00', NULL, 0, '2026-04-17 13:39:56', '2026-04-17 13:39:56', NULL),
(475, '2026-04-16', 14, 20, '08:00:00', '16:30:00', NULL, 0, '2026-04-17 13:42:08', '2026-04-17 13:42:08', NULL),
(476, '2026-04-16', 14, 19, '06:00:00', '14:30:00', NULL, 0, '2026-04-17 13:42:08', '2026-04-17 13:42:08', NULL),
(477, '2026-04-16', 14, 59, '06:00:00', '14:00:00', NULL, 0, '2026-04-17 13:42:08', '2026-04-17 13:42:08', NULL),
(478, '2026-04-16', 14, 15, '08:00:00', '16:00:00', NULL, 0, '2026-04-17 13:42:08', '2026-04-17 13:42:08', NULL),
(479, '2026-04-16', 14, 26, '20:00:00', '23:59:00', NULL, 0, '2026-04-17 13:42:08', '2026-04-17 13:42:08', NULL),
(480, '2026-04-20', 13, 29, '07:00:00', '15:30:00', NULL, 0, '2026-04-17 14:17:08', '2026-04-17 14:17:08', NULL),
(481, '2026-04-21', 13, 29, '07:00:00', '15:30:00', NULL, 0, '2026-04-17 14:17:08', '2026-04-17 14:17:08', NULL),
(482, '2026-04-22', 13, 29, '07:00:00', '15:30:00', NULL, 0, '2026-04-17 14:17:08', '2026-04-17 14:17:08', NULL),
(483, '2026-04-23', 13, 29, '07:00:00', '15:30:00', NULL, 0, '2026-04-17 14:17:08', '2026-04-17 14:17:08', NULL),
(484, '2026-04-24', 13, 29, '07:00:00', '15:30:00', NULL, 0, '2026-04-17 14:17:08', '2026-04-17 14:17:08', NULL),
(485, '2026-04-20', 13, 42, '07:00:00', '15:30:00', NULL, 0, '2026-04-17 14:17:08', '2026-04-17 14:17:08', NULL),
(486, '2026-04-21', 13, 42, '07:00:00', '15:30:00', NULL, 0, '2026-04-17 14:17:08', '2026-04-17 14:17:08', NULL),
(487, '2026-04-22', 13, 42, '07:00:00', '15:30:00', NULL, 0, '2026-04-17 14:17:08', '2026-04-17 14:17:08', NULL),
(488, '2026-04-23', 13, 42, '07:00:00', '15:30:00', NULL, 0, '2026-04-17 14:17:08', '2026-04-17 14:17:08', NULL),
(489, '2026-04-24', 13, 42, '07:00:00', '15:30:00', NULL, 0, '2026-04-17 14:17:08', '2026-04-17 14:17:08', NULL),
(490, '2026-04-20', 13, 33, '07:00:00', '15:30:00', NULL, 0, '2026-04-17 14:17:08', '2026-04-17 14:17:08', NULL),
(491, '2026-04-21', 13, 33, '07:00:00', '15:30:00', NULL, 0, '2026-04-17 14:17:08', '2026-04-17 14:17:08', NULL),
(492, '2026-04-22', 13, 33, '07:00:00', '15:30:00', NULL, 0, '2026-04-17 14:17:08', '2026-04-17 14:17:08', NULL),
(493, '2026-04-23', 13, 33, '07:00:00', '15:30:00', NULL, 0, '2026-04-17 14:17:08', '2026-04-17 14:17:08', NULL),
(494, '2026-04-24', 13, 33, '07:00:00', '15:30:00', NULL, 0, '2026-04-17 14:17:08', '2026-04-17 14:17:08', NULL),
(495, '2026-04-20', 13, 69, '07:00:00', '15:30:00', NULL, 0, '2026-04-17 14:17:08', '2026-04-17 14:17:08', NULL),
(496, '2026-04-21', 13, 69, '07:00:00', '15:30:00', NULL, 0, '2026-04-17 14:17:08', '2026-04-17 14:17:08', NULL),
(497, '2026-04-22', 13, 69, '07:00:00', '15:30:00', NULL, 0, '2026-04-17 14:17:08', '2026-04-17 14:17:08', NULL),
(498, '2026-04-23', 13, 69, '07:00:00', '15:30:00', NULL, 0, '2026-04-17 14:17:08', '2026-04-17 14:17:08', NULL),
(499, '2026-04-24', 13, 69, '07:00:00', '15:30:00', NULL, 0, '2026-04-17 14:17:08', '2026-04-17 14:17:08', NULL),
(502, '2026-04-22', 1, 6, '07:00:00', '15:30:00', NULL, 0, '2026-04-17 14:18:40', '2026-04-17 14:18:40', NULL),
(503, '2026-04-23', 1, 6, '07:00:00', '15:30:00', NULL, 0, '2026-04-17 14:18:40', '2026-04-17 14:18:40', NULL),
(504, '2026-04-24', 1, 6, '07:00:00', '15:30:00', NULL, 0, '2026-04-17 14:18:40', '2026-04-17 14:18:40', NULL),
(505, '2026-04-20', 1, 39, '07:00:00', '15:30:00', NULL, 0, '2026-04-17 14:18:40', '2026-04-17 14:18:40', NULL),
(506, '2026-04-21', 1, 39, '07:00:00', '15:30:00', NULL, 0, '2026-04-17 14:18:40', '2026-04-17 14:18:40', NULL),
(507, '2026-04-22', 1, 39, '07:00:00', '15:30:00', NULL, 0, '2026-04-17 14:18:40', '2026-04-17 14:18:40', NULL),
(508, '2026-04-23', 1, 39, '07:00:00', '15:30:00', NULL, 0, '2026-04-17 14:18:40', '2026-04-17 14:18:40', NULL),
(509, '2026-04-24', 1, 39, '07:00:00', '15:30:00', NULL, 0, '2026-04-17 14:18:40', '2026-04-17 14:18:40', NULL),
(510, '2026-04-20', 1, 34, '07:00:00', '15:30:00', NULL, 0, '2026-04-17 14:18:40', '2026-04-17 14:18:40', NULL),
(511, '2026-04-21', 1, 34, '07:00:00', '15:30:00', NULL, 0, '2026-04-17 14:18:40', '2026-04-17 14:18:40', NULL),
(512, '2026-04-22', 1, 34, '07:00:00', '15:30:00', NULL, 0, '2026-04-17 14:18:40', '2026-04-17 14:18:40', NULL),
(513, '2026-04-23', 1, 34, '07:00:00', '15:30:00', NULL, 0, '2026-04-17 14:18:40', '2026-04-17 14:18:40', NULL),
(526, '2026-04-01', 12, 47, '07:00:00', '16:00:00', NULL, 0, '2026-04-17 17:05:10', '2026-04-17 17:05:10', NULL),
(527, '2026-04-02', 12, 47, '07:00:00', '16:00:00', NULL, 0, '2026-04-17 17:05:10', '2026-04-17 17:05:10', NULL),
(528, '2026-04-03', 12, 47, '07:00:00', '16:00:00', NULL, 0, '2026-04-17 17:05:10', '2026-04-17 17:05:10', NULL),
(529, '2026-04-06', 12, 47, '07:00:00', '16:00:00', NULL, 0, '2026-04-17 17:05:10', '2026-04-17 17:05:10', NULL),
(530, '2026-04-07', 12, 47, '07:00:00', '16:00:00', NULL, 0, '2026-04-17 17:05:10', '2026-04-17 17:05:10', NULL),
(531, '2026-04-08', 12, 47, '07:00:00', '16:00:00', NULL, 0, '2026-04-17 17:05:10', '2026-04-17 17:05:10', NULL),
(532, '2026-04-09', 12, 47, '07:00:00', '16:00:00', NULL, 0, '2026-04-17 17:05:10', '2026-04-17 17:05:10', NULL),
(533, '2026-04-10', 12, 47, '07:00:00', '16:00:00', NULL, 0, '2026-04-17 17:05:10', '2026-04-17 17:05:10', NULL),
(534, '2026-04-01', 9, 57, '07:00:00', '15:00:00', NULL, 0, '2026-04-17 17:13:15', '2026-04-17 17:13:15', NULL),
(535, '2026-04-01', 10, 22, '07:00:00', '15:00:00', NULL, 0, '2026-04-17 17:13:15', '2026-04-17 17:13:15', NULL),
(536, '2026-04-02', 10, 34, '07:00:00', '11:00:00', NULL, 0, '2026-04-17 17:17:52', '2026-04-17 17:17:52', NULL),
(537, '2026-04-02', 9, 57, '07:00:00', '15:00:00', NULL, 0, '2026-04-17 17:17:52', '2026-04-17 17:17:52', NULL),
(538, '2026-04-02', 9, 41, '07:00:00', '15:00:00', NULL, 0, '2026-04-17 17:17:52', '2026-04-17 17:17:52', NULL),
(539, '2026-04-03', 9, 57, '07:00:00', '15:00:00', NULL, 0, '2026-04-17 17:19:26', '2026-04-17 17:19:26', NULL),
(540, '2026-04-03', 9, 36, '07:00:00', '15:00:00', NULL, 0, '2026-04-17 17:19:26', '2026-04-17 17:19:26', NULL),
(541, '2026-04-03', 9, 41, '07:00:00', '15:00:00', NULL, 0, '2026-04-17 17:19:26', '2026-04-17 17:19:26', NULL),
(542, '2026-04-03', 10, 27, '15:30:00', '16:30:00', NULL, 0, '2026-04-17 17:21:31', '2026-04-17 17:21:31', NULL),
(543, '2026-04-03', 10, 58, '11:00:00', '15:00:00', NULL, 0, '2026-04-17 17:21:31', '2026-04-17 17:21:31', NULL),
(544, '2026-04-03', 10, 20, '12:30:00', '15:30:00', NULL, 0, '2026-04-17 17:21:31', '2026-04-17 17:21:31', NULL),
(545, '2026-04-08', 10, 16, '14:30:00', '16:30:00', NULL, 0, '2026-04-17 17:28:36', '2026-04-17 17:28:36', NULL),
(546, '2026-04-08', 12, 58, '07:00:00', '15:00:00', NULL, 0, '2026-04-17 17:28:36', '2026-04-17 17:28:36', NULL),
(547, '2026-04-08', 9, 19, '07:00:00', '15:00:00', NULL, 0, '2026-04-17 17:28:36', '2026-04-17 17:28:36', NULL),
(548, '2026-04-09', 12, 58, '07:00:00', '15:00:00', NULL, 0, '2026-04-17 17:30:00', '2026-04-17 17:30:00', NULL),
(549, '2026-04-09', 10, 67, '08:00:00', '14:30:00', NULL, 0, '2026-04-17 17:30:46', '2026-04-17 17:30:46', NULL),
(550, '2026-04-13', 10, 26, '07:00:00', '15:00:00', NULL, 0, '2026-04-17 17:32:23', '2026-04-17 17:32:23', NULL),
(551, '2026-04-20', 14, 59, '06:00:00', '14:30:00', NULL, 0, '2026-04-17 18:31:30', '2026-04-17 18:31:30', NULL),
(552, '2026-04-21', 14, 59, '06:00:00', '14:30:00', NULL, 0, '2026-04-17 18:31:30', '2026-04-17 18:31:30', NULL),
(553, '2026-04-22', 14, 59, '06:00:00', '14:30:00', NULL, 0, '2026-04-17 18:31:30', '2026-04-17 18:31:30', NULL),
(554, '2026-04-23', 14, 59, '06:00:00', '14:30:00', NULL, 0, '2026-04-17 18:31:30', '2026-04-17 18:31:30', NULL),
(555, '2026-04-24', 14, 59, '06:00:00', '14:30:00', NULL, 0, '2026-04-17 18:31:30', '2026-04-17 18:31:30', NULL),
(556, '2026-04-20', 14, 55, '06:00:00', '14:00:00', NULL, 0, '2026-04-17 18:31:30', '2026-04-17 18:31:30', NULL),
(557, '2026-04-21', 14, 55, '06:00:00', '14:00:00', NULL, 0, '2026-04-17 18:31:30', '2026-04-17 18:31:30', NULL),
(558, '2026-04-22', 14, 55, '06:00:00', '14:00:00', NULL, 0, '2026-04-17 18:31:30', '2026-04-17 18:31:30', NULL),
(559, '2026-04-23', 14, 55, '06:00:00', '14:00:00', NULL, 0, '2026-04-17 18:31:30', '2026-04-17 18:31:30', NULL),
(560, '2026-04-24', 14, 55, '06:00:00', '14:00:00', NULL, 0, '2026-04-17 18:31:30', '2026-04-17 18:31:30', NULL),
(561, '2026-04-20', 14, 67, '08:00:00', '16:00:00', NULL, 0, '2026-04-17 18:31:30', '2026-04-17 18:31:30', NULL),
(562, '2026-04-21', 14, 67, '08:00:00', '16:00:00', NULL, 0, '2026-04-17 18:31:30', '2026-04-17 18:31:30', NULL),
(563, '2026-04-22', 14, 67, '08:00:00', '16:00:00', NULL, 0, '2026-04-17 18:31:30', '2026-04-17 18:31:30', NULL),
(564, '2026-04-23', 14, 67, '08:00:00', '16:00:00', NULL, 0, '2026-04-17 18:31:30', '2026-04-17 18:31:30', NULL),
(565, '2026-04-24', 14, 67, '08:00:00', '16:00:00', NULL, 0, '2026-04-17 18:31:30', '2026-04-17 18:31:30', NULL),
(566, '2026-04-20', 14, 52, '20:00:00', '24:00:00', NULL, 0, '2026-04-17 18:31:30', '2026-04-17 18:31:30', NULL),
(567, '2026-04-21', 14, 52, '00:00:00', '04:30:00', NULL, 0, '2026-04-17 18:31:30', '2026-04-17 18:31:30', NULL),
(568, '2026-04-20', 14, 26, '20:00:00', '24:00:00', NULL, 0, '2026-04-17 18:31:30', '2026-04-17 18:31:30', NULL),
(569, '2026-04-21', 14, 26, '00:00:00', '04:30:00', NULL, 0, '2026-04-17 18:31:30', '2026-04-17 18:31:30', NULL),
(570, '2026-04-20', 14, 16, '08:00:00', '17:00:00', NULL, 0, '2026-04-17 18:31:30', '2026-04-17 18:31:30', NULL),
(571, '2026-04-24', 14, 16, '08:00:00', '17:00:00', NULL, 0, '2026-04-17 18:31:30', '2026-04-17 18:31:30', NULL),
(572, '2026-04-20', 14, 41, '08:00:00', '17:00:00', NULL, 0, '2026-04-17 18:31:30', '2026-04-17 18:31:30', NULL),
(573, '2026-04-20', 14, 15, '08:00:00', '17:00:00', NULL, 0, '2026-04-17 18:31:30', '2026-04-17 18:31:30', NULL),
(574, '2026-04-21', 14, 15, '08:00:00', '17:00:00', NULL, 0, '2026-04-17 18:31:30', '2026-04-17 18:31:30', NULL),
(575, '2026-04-22', 14, 15, '08:00:00', '17:00:00', NULL, 0, '2026-04-17 18:31:30', '2026-04-17 18:31:30', NULL),
(576, '2026-04-23', 14, 15, '08:00:00', '17:00:00', NULL, 0, '2026-04-17 18:31:30', '2026-04-17 18:31:30', NULL),
(577, '2026-04-24', 14, 15, '08:00:00', '17:00:00', NULL, 0, '2026-04-17 18:31:30', '2026-04-17 18:31:30', NULL),
(578, '2026-04-20', 14, 48, '08:00:00', '17:00:00', NULL, 0, '2026-04-17 18:31:30', '2026-04-17 18:31:30', NULL),
(579, '2026-04-21', 14, 48, '08:00:00', '17:00:00', NULL, 0, '2026-04-17 18:31:30', '2026-04-17 18:31:30', NULL),
(580, '2026-04-24', 14, 48, '08:00:00', '17:00:00', NULL, 0, '2026-04-17 18:31:30', '2026-04-17 18:31:30', NULL),
(581, '2026-04-23', 14, 48, '08:00:00', '17:00:00', NULL, 0, '2026-04-17 18:31:30', '2026-04-17 18:31:30', NULL),
(582, '2026-04-22', 14, 48, '08:00:00', '17:00:00', NULL, 0, '2026-04-17 18:31:30', '2026-04-17 18:31:30', NULL),
(583, '2026-04-22', 14, 52, '08:00:00', '16:30:00', NULL, 0, '2026-04-17 18:34:31', '2026-04-17 18:34:31', NULL),
(584, '2026-04-23', 14, 52, '08:00:00', '16:30:00', NULL, 0, '2026-04-17 18:34:31', '2026-04-17 18:34:31', NULL),
(585, '2026-04-24', 14, 52, '08:00:00', '16:30:00', NULL, 0, '2026-04-17 18:34:31', '2026-04-17 18:34:31', NULL),
(586, '2026-04-22', 14, 26, '08:00:00', '16:30:00', NULL, 0, '2026-04-17 18:34:31', '2026-04-17 18:34:31', NULL),
(587, '2026-04-23', 14, 26, '08:00:00', '16:30:00', NULL, 0, '2026-04-17 18:34:31', '2026-04-17 18:34:31', NULL),
(588, '2026-04-24', 14, 26, '08:00:00', '16:30:00', NULL, 0, '2026-04-17 18:34:31', '2026-04-17 18:34:31', NULL),
(589, '2026-04-22', 14, 16, '08:00:00', '16:30:00', NULL, 0, '2026-04-17 18:34:31', '2026-04-17 18:34:31', NULL),
(590, '2026-04-23', 14, 16, '08:00:00', '16:30:00', NULL, 0, '2026-04-17 18:34:31', '2026-04-17 18:34:31', NULL),
(591, '2026-04-21', 14, 16, '08:00:00', '16:30:00', NULL, 0, '2026-04-17 18:34:31', '2026-04-17 18:34:31', NULL),
(592, '2026-04-22', 14, 41, '08:00:00', '16:30:00', NULL, 0, '2026-04-17 18:34:31', '2026-04-17 18:34:31', NULL),
(593, '2026-04-23', 14, 41, '08:00:00', '16:30:00', NULL, 0, '2026-04-17 18:34:31', '2026-04-17 18:34:31', NULL),
(594, '2026-04-21', 14, 41, '08:00:00', '16:30:00', NULL, 0, '2026-04-17 18:34:31', '2026-04-17 18:34:31', NULL),
(595, '2026-04-21', 14, 19, '20:00:00', '24:00:00', NULL, 0, '2026-04-17 18:37:23', '2026-04-17 18:37:23', NULL),
(596, '2026-04-22', 14, 19, '00:00:00', '04:30:00', NULL, 0, '2026-04-17 18:37:23', '2026-04-17 18:37:23', NULL),
(597, '2026-04-22', 14, 19, '20:00:00', '24:00:00', NULL, 0, '2026-04-17 18:37:23', '2026-04-17 18:37:23', NULL),
(598, '2026-04-23', 14, 19, '00:00:00', '04:30:00', NULL, 0, '2026-04-17 18:37:23', '2026-04-17 18:37:23', NULL),
(599, '2026-04-23', 14, 19, '20:00:00', '24:00:00', NULL, 0, '2026-04-17 18:37:23', '2026-04-17 18:37:23', NULL),
(600, '2026-04-24', 14, 19, '00:00:00', '04:30:00', NULL, 0, '2026-04-17 18:37:23', '2026-04-17 18:37:23', NULL),
(601, '2026-04-24', 14, 19, '20:00:00', '24:00:00', NULL, 0, '2026-04-17 18:37:23', '2026-04-17 18:37:23', NULL),
(602, '2026-04-25', 14, 19, '00:00:00', '04:30:00', NULL, 0, '2026-04-17 18:37:23', '2026-04-17 18:37:23', NULL),
(603, '2026-04-25', 14, 19, '20:00:00', '24:00:00', NULL, 0, '2026-04-17 18:37:23', '2026-04-17 18:37:23', NULL),
(604, '2026-04-26', 14, 19, '00:00:00', '04:30:00', NULL, 0, '2026-04-17 18:37:23', '2026-04-17 18:37:23', NULL),
(605, '2026-04-21', 14, 13, '20:00:00', '24:00:00', NULL, 0, '2026-04-17 18:37:23', '2026-04-17 18:37:23', NULL),
(606, '2026-04-22', 14, 13, '00:00:00', '04:30:00', NULL, 0, '2026-04-17 18:37:23', '2026-04-17 18:37:23', NULL),
(607, '2026-04-22', 14, 13, '20:00:00', '24:00:00', NULL, 0, '2026-04-17 18:37:23', '2026-04-17 18:37:23', NULL),
(608, '2026-04-23', 14, 13, '00:00:00', '04:30:00', NULL, 0, '2026-04-17 18:37:23', '2026-04-17 18:37:23', NULL),
(609, '2026-04-23', 14, 13, '20:00:00', '24:00:00', NULL, 0, '2026-04-17 18:37:23', '2026-04-17 18:37:23', NULL),
(610, '2026-04-24', 14, 13, '00:00:00', '04:30:00', NULL, 0, '2026-04-17 18:37:23', '2026-04-17 18:37:23', NULL),
(611, '2026-04-24', 14, 13, '20:00:00', '24:00:00', NULL, 0, '2026-04-17 18:37:23', '2026-04-17 18:37:23', NULL),
(612, '2026-04-25', 14, 13, '00:00:00', '04:30:00', NULL, 0, '2026-04-17 18:37:23', '2026-04-17 18:37:23', NULL),
(613, '2026-04-25', 14, 13, '20:00:00', '24:00:00', NULL, 0, '2026-04-17 18:37:23', '2026-04-17 18:37:23', NULL),
(614, '2026-04-26', 14, 13, '00:00:00', '04:30:00', NULL, 0, '2026-04-17 18:37:23', '2026-04-17 18:37:23', NULL),
(615, '2026-04-26', 14, 16, '20:00:00', '24:00:00', NULL, 0, '2026-04-17 18:37:23', '2026-04-17 18:37:23', NULL),
(616, '2026-04-27', 14, 16, '00:00:00', '04:30:00', NULL, 0, '2026-04-17 18:37:23', '2026-04-17 18:37:23', NULL),
(617, '2026-04-26', 14, 41, '20:00:00', '24:00:00', NULL, 0, '2026-04-17 18:37:23', '2026-04-17 18:37:23', NULL),
(618, '2026-04-27', 14, 41, '00:00:00', '04:30:00', NULL, 0, '2026-04-17 18:37:23', '2026-04-17 18:37:23', NULL),
(619, '2026-04-20', 2, 63, '08:00:00', '16:30:00', NULL, 0, '2026-04-18 08:29:44', '2026-04-18 08:29:44', NULL),
(620, '2026-04-21', 2, 63, '08:00:00', '16:30:00', NULL, 0, '2026-04-18 08:29:44', '2026-04-18 08:29:44', NULL),
(621, '2026-04-22', 2, 63, '08:00:00', '16:30:00', NULL, 0, '2026-04-18 08:29:44', '2026-04-18 08:29:44', NULL),
(622, '2026-04-23', 2, 63, '08:00:00', '16:30:00', NULL, 0, '2026-04-18 08:29:44', '2026-04-18 08:29:44', NULL),
(623, '2026-04-24', 2, 63, '08:00:00', '16:30:00', NULL, 0, '2026-04-18 08:29:44', '2026-04-18 08:29:44', NULL),
(624, '2026-04-20', 2, 70, '07:00:00', '15:30:00', NULL, 0, '2026-04-18 08:29:44', '2026-04-18 08:29:44', NULL),
(625, '2026-04-21', 2, 70, '07:00:00', '15:30:00', NULL, 0, '2026-04-18 08:29:44', '2026-04-18 08:29:44', NULL),
(626, '2026-04-22', 2, 70, '07:00:00', '15:30:00', NULL, 0, '2026-04-18 08:29:44', '2026-04-18 08:29:44', NULL),
(627, '2026-04-23', 2, 70, '07:00:00', '15:30:00', NULL, 0, '2026-04-18 08:29:44', '2026-04-18 08:29:44', NULL),
(628, '2026-04-24', 2, 70, '07:00:00', '15:30:00', NULL, 0, '2026-04-18 08:29:44', '2026-04-18 08:29:44', NULL),
(629, '2026-04-20', 2, 11, '07:00:00', '15:30:00', NULL, 0, '2026-04-18 08:29:44', '2026-04-18 08:29:44', NULL),
(630, '2026-04-21', 2, 11, '07:00:00', '15:30:00', NULL, 0, '2026-04-18 08:29:44', '2026-04-18 08:29:44', NULL),
(631, '2026-04-22', 2, 11, '07:00:00', '15:30:00', NULL, 0, '2026-04-18 08:29:44', '2026-04-18 08:29:44', NULL),
(632, '2026-04-23', 2, 11, '07:00:00', '15:30:00', NULL, 0, '2026-04-18 08:29:44', '2026-04-18 08:29:44', NULL),
(633, '2026-04-24', 2, 11, '07:00:00', '15:30:00', NULL, 0, '2026-04-18 08:29:44', '2026-04-18 08:29:44', NULL),
(634, '2026-04-20', 2, 8, '07:00:00', '15:30:00', NULL, 0, '2026-04-18 08:29:44', '2026-04-18 08:29:44', NULL),
(635, '2026-04-21', 2, 8, '07:00:00', '15:30:00', NULL, 0, '2026-04-18 08:29:44', '2026-04-18 08:29:44', NULL),
(636, '2026-04-22', 2, 8, '07:00:00', '15:30:00', NULL, 0, '2026-04-18 08:29:44', '2026-04-18 08:29:44', NULL),
(637, '2026-04-23', 2, 8, '07:00:00', '15:30:00', NULL, 0, '2026-04-18 08:29:44', '2026-04-18 08:29:44', NULL),
(638, '2026-04-24', 2, 8, '07:00:00', '15:30:00', NULL, 0, '2026-04-18 08:29:44', '2026-04-18 08:29:44', NULL),
(639, '2026-04-20', 2, 7, '08:00:00', '16:30:00', NULL, 0, '2026-04-18 08:29:44', '2026-04-18 08:29:44', NULL),
(640, '2026-04-21', 2, 7, '08:00:00', '16:30:00', NULL, 0, '2026-04-18 08:29:44', '2026-04-18 08:29:44', NULL),
(641, '2026-04-22', 2, 7, '08:00:00', '16:30:00', NULL, 0, '2026-04-18 08:29:44', '2026-04-18 08:29:44', NULL),
(642, '2026-04-23', 2, 7, '08:00:00', '16:30:00', NULL, 0, '2026-04-18 08:29:44', '2026-04-18 08:29:44', NULL),
(643, '2026-04-24', 2, 7, '08:00:00', '16:30:00', NULL, 0, '2026-04-18 08:29:44', '2026-04-18 08:29:44', NULL),
(644, '2026-04-20', 2, 37, '08:30:00', '17:00:00', NULL, 0, '2026-04-18 08:29:44', '2026-04-18 08:29:44', NULL),
(645, '2026-04-21', 2, 37, '08:30:00', '17:00:00', NULL, 0, '2026-04-18 08:29:44', '2026-04-18 08:29:44', NULL),
(646, '2026-04-22', 2, 37, '08:30:00', '17:00:00', NULL, 0, '2026-04-18 08:29:44', '2026-04-18 08:29:44', NULL),
(647, '2026-04-23', 2, 37, '08:30:00', '17:00:00', NULL, 0, '2026-04-18 08:29:44', '2026-04-18 08:29:44', NULL),
(648, '2026-04-24', 2, 37, '08:30:00', '17:00:00', NULL, 0, '2026-04-18 08:29:44', '2026-04-18 08:29:44', NULL),
(649, '2026-04-24', 11, 21, '08:00:00', '16:00:00', NULL, 0, '2026-04-18 08:58:34', '2026-04-18 08:58:34', NULL),
(650, '2026-04-24', 11, 34, '08:00:00', '16:00:00', NULL, 0, '2026-04-18 08:58:34', '2026-04-18 08:58:34', NULL),
(651, '2026-05-08', 11, 70, '08:00:00', '16:00:00', NULL, 0, '2026-04-18 08:59:28', '2026-04-18 08:59:28', NULL),
(652, '2026-05-08', 11, 65, '08:00:00', '16:00:00', NULL, 0, '2026-04-18 08:59:28', '2026-04-18 08:59:28', NULL),
(653, '2026-05-15', 11, 11, '08:00:00', '16:00:00', NULL, 0, '2026-04-18 09:00:55', '2026-04-18 09:00:55', NULL),
(654, '2026-05-15', 11, 13, '08:00:00', '16:00:00', NULL, 0, '2026-04-18 09:00:55', '2026-04-18 09:00:55', NULL),
(655, '2026-05-15', 11, 27, '08:00:00', '16:00:00', NULL, 0, '2026-04-18 09:00:55', '2026-04-18 09:00:55', NULL),
(656, '2026-05-15', 11, 68, '08:00:00', '16:00:00', NULL, 0, '2026-04-18 09:00:55', '2026-04-18 09:00:55', NULL);

-- --------------------------------------------------------

--
-- Struttura della tabella `permissions`
--

CREATE TABLE `permissions` (
  `id` int(10) UNSIGNED NOT NULL,
  `code` varchar(100) NOT NULL,
  `module` varchar(50) NOT NULL,
  `label` varchar(150) NOT NULL,
  `created_at` datetime NOT NULL DEFAULT current_timestamp()
) ENGINE=InnoDB DEFAULT CHARSET=utf8mb4 COLLATE=utf8mb4_unicode_ci COMMENT='Catalogo permessi granulari Turnar';

--
-- Dump dei dati per la tabella `permissions`
--

INSERT INTO `permissions` (`id`, `code`, `module`, `label`, `created_at`) VALUES
(1, 'dashboard.view', 'Dashboard', 'Visualizzare la dashboard', '2026-04-20 13:04:12'),
(2, 'operators.view', 'Operatori', 'Visualizzare operatori', '2026-04-20 13:04:12'),
(3, 'operators.create', 'Operatori', 'Creare operatori', '2026-04-20 13:04:12'),
(4, 'operators.edit', 'Operatori', 'Modificare operatori', '2026-04-20 13:04:12'),
(5, 'operators.delete', 'Operatori', 'Eliminare operatori', '2026-04-20 13:04:12'),
(6, 'destinations.view', 'Destinazioni', 'Visualizzare destinazioni', '2026-04-20 13:04:12'),
(7, 'destinations.create', 'Destinazioni', 'Creare destinazioni', '2026-04-20 13:04:12'),
(8, 'destinations.edit', 'Destinazioni', 'Modificare destinazioni', '2026-04-20 13:04:12'),
(9, 'destinations.delete', 'Destinazioni', 'Eliminare destinazioni', '2026-04-20 13:04:12'),
(10, 'destinations.favorite', 'Destinazioni', 'Aggiungere preferiti destinazioni', '2026-04-20 13:04:12'),
(11, 'assignments.view', 'Turni', 'Visualizzare turni', '2026-04-20 13:04:12'),
(12, 'assignments.manage', 'Turni', 'Gestire turni', '2026-04-20 13:04:12'),
(13, 'assignments.delete', 'Turni', 'Eliminare turni', '2026-04-20 13:04:12'),
(14, 'calendar.view', 'Calendario', 'Visualizzare calendario', '2026-04-20 13:04:12'),
(15, 'communications.view', 'Comunicazioni', 'Visualizzare comunicazioni', '2026-04-20 13:04:12'),
(16, 'communications.manage', 'Comunicazioni', 'Gestire comunicazioni', '2026-04-20 13:04:12'),
(17, 'reports.view', 'Report', 'Visualizzare report', '2026-04-20 13:04:12'),
(18, 'reports.export', 'Report', 'Esportare report', '2026-04-20 13:04:12'),
(19, 'users.view', 'Utenti', 'Visualizzare utenti', '2026-04-20 13:04:12'),
(20, 'users.create', 'Utenti', 'Creare utenti', '2026-04-20 13:04:12'),
(21, 'users.edit', 'Utenti', 'Modificare utenti', '2026-04-20 13:04:12'),
(22, 'users.delete', 'Utenti', 'Eliminare utenti', '2026-04-20 13:04:12'),
(23, 'permissions.manage', 'Utenti', 'Gestire permessi', '2026-04-20 13:04:12'),
(24, 'settings.view', 'Impostazioni', 'Visualizzare impostazioni', '2026-04-20 13:04:12'),
(25, 'settings.manage', 'Impostazioni', 'Gestire impostazioni', '2026-04-20 13:04:12'),
(26, 'mobile.view', 'Mobile', 'Visualizzare area mobile', '2026-04-20 13:04:12'),
(27, 'users.permissions', '', '', '2026-04-21 18:20:50'),
(28, 'settings.edit', '', '', '2026-04-21 18:20:50');

-- --------------------------------------------------------

--
-- Struttura della tabella `role_permissions`
--

CREATE TABLE `role_permissions` (
  `id` int(10) UNSIGNED NOT NULL,
  `role` enum('master','manager','user') NOT NULL,
  `permission_id` int(10) UNSIGNED NOT NULL,
  `is_allowed` tinyint(1) NOT NULL DEFAULT 1
) ENGINE=InnoDB DEFAULT CHARSET=utf8mb4 COLLATE=utf8mb4_unicode_ci COMMENT='Permessi base per ruolo';

--
-- Dump dei dati per la tabella `role_permissions`
--

INSERT INTO `role_permissions` (`id`, `role`, `permission_id`, `is_allowed`) VALUES
(79, 'user', 13, 0),
(80, 'user', 12, 0),
(81, 'user', 11, 1),
(82, 'user', 14, 1),
(83, 'user', 16, 0),
(84, 'user', 15, 0),
(85, 'user', 1, 1),
(86, 'user', 7, 0),
(87, 'user', 9, 0),
(88, 'user', 8, 0),
(89, 'user', 10, 0),
(90, 'user', 6, 0),
(91, 'user', 26, 1),
(92, 'user', 3, 0),
(93, 'user', 5, 0),
(94, 'user', 4, 0),
(95, 'user', 2, 0),
(96, 'user', 23, 0),
(97, 'user', 18, 0),
(98, 'user', 17, 0),
(99, 'user', 28, 0),
(100, 'user', 25, 0),
(101, 'user', 24, 0),
(102, 'user', 20, 0),
(103, 'user', 22, 0),
(104, 'user', 21, 0),
(105, 'user', 27, 0),
(106, 'user', 19, 0),
(110, 'manager', 13, 0),
(111, 'manager', 12, 1),
(112, 'manager', 11, 1),
(113, 'manager', 14, 1),
(114, 'manager', 16, 1),
(115, 'manager', 15, 1),
(116, 'manager', 1, 1),
(117, 'manager', 7, 1),
(118, 'manager', 9, 0),
(119, 'manager', 8, 1),
(120, 'manager', 10, 0),
(121, 'manager', 6, 1),
(122, 'manager', 26, 1),
(123, 'manager', 3, 1),
(124, 'manager', 5, 0),
(125, 'manager', 4, 1),
(126, 'manager', 2, 1),
(127, 'manager', 23, 0),
(128, 'manager', 18, 1),
(129, 'manager', 17, 1),
(130, 'manager', 28, 0),
(131, 'manager', 25, 0),
(132, 'manager', 24, 1),
(133, 'manager', 20, 0),
(134, 'manager', 22, 0),
(135, 'manager', 21, 0),
(136, 'manager', 27, 0),
(137, 'manager', 19, 1),
(141, 'master', 27, 1),
(142, 'master', 28, 1),
(143, 'master', 14, 1),
(144, 'master', 15, 1),
(145, 'master', 16, 1),
(146, 'master', 1, 1),
(147, 'master', 6, 1),
(148, 'master', 7, 1),
(149, 'master', 8, 1),
(150, 'master', 9, 1),
(151, 'master', 10, 1),
(152, 'master', 24, 1),
(153, 'master', 25, 1),
(154, 'master', 26, 1),
(155, 'master', 2, 1),
(156, 'master', 3, 1),
(157, 'master', 4, 1),
(158, 'master', 5, 1),
(159, 'master', 17, 1),
(160, 'master', 18, 1),
(161, 'master', 11, 1),
(162, 'master', 12, 1),
(163, 'master', 13, 1),
(164, 'master', 19, 1),
(165, 'master', 20, 1),
(166, 'master', 21, 1),
(167, 'master', 22, 1),
(168, 'master', 23, 1);

-- --------------------------------------------------------

--
-- Struttura della tabella `settings`
--

CREATE TABLE `settings` (
  `id` int(10) UNSIGNED NOT NULL,
  `chiave` varchar(190) NOT NULL,
  `valore` longtext DEFAULT NULL,
  `created_at` timestamp NULL DEFAULT current_timestamp(),
  `updated_at` timestamp NULL DEFAULT current_timestamp() ON UPDATE current_timestamp()
) ENGINE=InnoDB DEFAULT CHARSET=utf8mb4 COLLATE=utf8mb4_unicode_ci;

--
-- Dump dei dati per la tabella `settings`
--

INSERT INTO `settings` (`id`, `chiave`, `valore`, `created_at`, `updated_at`) VALUES
(1, 'app_name', 'Simoncino', '2026-04-22 19:37:32', '2026-04-22 19:43:32'),
(2, 'app_tagline', 'Organizzazione turni e operatività', '2026-04-22 19:37:32', '2026-04-22 19:37:32'),
(3, 'app_version_visual', '1.0.0', '2026-04-22 19:37:32', '2026-04-22 19:37:32'),
(4, 'app_language', 'en', '2026-04-22 19:37:32', '2026-04-22 19:43:32'),
(5, 'app_timezone', 'Europe/Rome', '2026-04-22 19:37:32', '2026-04-22 19:37:32'),
(6, 'date_format', 'd.m.Y', '2026-04-22 19:37:32', '2026-04-22 19:43:32'),
(7, 'time_format', 'H:i:s', '2026-04-22 19:37:32', '2026-04-22 19:43:32'),
(8, 'reference_year', '2026', '2026-04-22 19:37:32', '2026-04-22 19:37:32'),
(9, 'company_name', 'La tua azienda', '2026-04-22 19:37:32', '2026-04-22 19:37:32'),
(10, 'company_email', 'info@azienda.local', '2026-04-22 19:37:32', '2026-04-22 19:37:32'),
(11, 'theme_mode', 'light', '2026-04-22 19:37:32', '2026-04-24 09:11:57'),
(12, 'theme_primary_color', '#6ea8ff', '2026-04-22 19:37:32', '2026-04-22 19:37:32'),
(13, 'theme_secondary_color', '#8b5cf6', '2026-04-22 19:37:32', '2026-04-23 09:36:19'),
(14, 'default_shift_start', '07:00', '2026-04-22 19:37:32', '2026-04-22 19:37:32'),
(15, 'default_shift_end', '16:00', '2026-04-22 19:37:32', '2026-04-22 19:37:32'),
(16, 'default_lunch_break_hours', '1.00', '2026-04-22 19:37:32', '2026-04-22 19:37:32'),
(17, 'enable_email', '1', '2026-04-22 19:37:32', '2026-04-22 19:37:32'),
(18, 'enable_mobile', '1', '2026-04-22 19:37:32', '2026-04-22 19:37:32'),
(19, 'enable_notifications', '1', '2026-04-22 19:37:32', '2026-04-22 19:37:32'),
(20, 'module_dashboard', '1', '2026-04-22 19:37:32', '2026-04-22 19:37:32'),
(21, 'module_operators', '1', '2026-04-22 19:37:32', '2026-04-22 19:37:32'),
(22, 'module_destinations', '1', '2026-04-22 19:37:32', '2026-04-22 19:37:32'),
(23, 'module_assignments', '1', '2026-04-22 19:37:32', '2026-04-22 19:37:32'),
(24, 'module_calendar', '1', '2026-04-22 19:37:32', '2026-04-22 19:37:32'),
(25, 'module_communications', '1', '2026-04-22 19:37:32', '2026-04-22 19:37:32'),
(26, 'module_reports', '1', '2026-04-22 19:37:32', '2026-04-22 19:37:32'),
(27, 'module_users', '1', '2026-04-22 19:37:32', '2026-04-22 19:37:32'),
(28, 'module_settings', '1', '2026-04-22 19:37:32', '2026-04-22 19:37:32'),
(29, 'module_mobile', '1', '2026-04-22 19:37:32', '2026-04-22 19:37:32'),
(38, 'custom_footer_text', 'cazzo cazzo cazzo', '2026-04-22 19:43:32', '2026-04-22 19:43:32'),
(42, 'theme_topbar_style', 'glass', '2026-04-23 09:35:29', '2026-04-24 09:11:57'),
(43, 'theme_badge_style', 'soft', '2026-04-23 09:35:29', '2026-04-23 09:35:44'),
(75, 'company_legal_name', '<br /><b>Warning</b>:  Undefined array key', '2026-04-23 18:26:50', '2026-04-23 18:26:50'),
(76, 'company_address', '<br /><b>Warning</b>:  Undefined array key', '2026-04-23 18:26:50', '2026-04-23 18:26:50'),
(77, 'company_city', '<br /><b>Warning</b>:  Undefined array key', '2026-04-23 18:26:50', '2026-04-23 18:26:50'),
(78, 'company_province', '<br /><b>Warning</b>:  Undefined array key', '2026-04-23 18:26:50', '2026-04-23 18:26:50'),
(79, 'company_zip', '<br /><b>Warning</b>:  Undefined array key', '2026-04-23 18:26:50', '2026-04-23 18:26:50'),
(80, 'company_phone', '<br /><b>Warning</b>:  Undefined array key', '2026-04-23 18:26:50', '2026-04-23 18:26:50'),
(82, 'company_pec', '<br /><b>Warning</b>:  Undefined array key', '2026-04-23 18:26:50', '2026-04-23 18:26:50'),
(83, 'company_vat', '<br /><b>Warning</b>:  Undefined array key', '2026-04-23 18:26:50', '2026-04-23 18:26:50'),
(84, 'company_tax_code', '<br /><b>Warning</b>:  Undefined array key', '2026-04-23 18:26:50', '2026-04-23 18:26:50'),
(85, 'topbar_logo_mode', 'icon', '2026-04-23 18:26:50', '2026-04-23 18:26:50'),
(86, 'company_favicon_path', '<br /><b>Warning</b>:  Undefined array key', '2026-04-23 18:26:50', '2026-04-23 18:26:50'),
(87, 'company_login_image_path', '<br /><b>Warning</b>:  Undefined array key', '2026-04-23 18:26:50', '2026-04-23 18:26:50'),
(88, 'company_logo_path', 'uploads/branding/company_logo_20260423_202650_7361.png', '2026-04-23 18:26:50', '2026-04-23 18:26:50');

-- --------------------------------------------------------

--
-- Struttura della tabella `users`
--

CREATE TABLE `users` (
  `id` int(10) UNSIGNED NOT NULL,
  `dipendente_id` int(10) UNSIGNED DEFAULT NULL,
  `role` enum('master','manager','user') NOT NULL DEFAULT 'user',
  `scope` enum('global','team','self') NOT NULL DEFAULT 'self',
  `username` varchar(100) NOT NULL,
  `password_hash` varchar(255) NOT NULL,
  `email` varchar(150) DEFAULT NULL,
  `is_active` tinyint(1) NOT NULL DEFAULT 1,
  `can_login_web` tinyint(1) NOT NULL DEFAULT 1,
  `can_login_app` tinyint(1) NOT NULL DEFAULT 1,
  `must_change_password` tinyint(1) NOT NULL DEFAULT 1,
  `is_administrative` tinyint(1) NOT NULL DEFAULT 0,
  `last_login_at` datetime DEFAULT NULL,
  `note` text DEFAULT NULL,
  `created_at` datetime NOT NULL DEFAULT current_timestamp(),
  `updated_at` datetime NOT NULL DEFAULT current_timestamp() ON UPDATE current_timestamp()
) ENGINE=InnoDB DEFAULT CHARSET=utf8mb4 COLLATE=utf8mb4_unicode_ci COMMENT='Utenti accesso Turnar separati dalla tabella dipendenti';

--
-- Dump dei dati per la tabella `users`
--

INSERT INTO `users` (`id`, `dipendente_id`, `role`, `scope`, `username`, `password_hash`, `email`, `is_active`, `can_login_web`, `can_login_app`, `must_change_password`, `is_administrative`, `last_login_at`, `note`, `created_at`, `updated_at`) VALUES
(1, NULL, 'master', 'global', 'master', '$2y$12$voio/HlTD/c74f8sLmgF4.eCcee.xbml.Yjd/iQW8SCKtYB3QPAfe', 'master@standardse.it', 1, 1, 0, 1, 1, NULL, 'Account master di emergenza migrato da user.sql', '2025-11-05 15:48:56', '2025-11-18 17:49:26'),
(2, 5, 'master', 'global', 'simone.losito', '$2y$10$3sbR/1l/bh4bogybPBXCGO.mEjXx5Z38iA80R3WpXCImK.BbQDCtS', 'simone.losito@gmail.com', 1, 1, 1, 0, 1, '2026-04-24 14:10:52', 'Migrato da user.sql con match generated_username | Developer', '2025-11-09 17:43:12', '2026-04-24 14:10:52'),
(3, 6, 'manager', 'team', 'andrea.capelli', '$2y$12$rHbyk.dU64AyjDxwd6N2/ueyI7saHUrM/xB/i6uuUx2VSDwYfRdHa', 'andrea.capelli@standardse.it', 1, 1, 1, 1, 0, NULL, 'Migrato da user.sql con match email', '2025-11-12 22:04:30', '2026-04-11 17:47:51'),
(4, 7, 'user', 'self', 'gabriele.accetta', '$2y$12$H.q25U64.sUyQYrTcO3D3.bc4TbZBM1Aq9DlMzzK/.2ao5GLURFR.', 'gabriele-accetta@live.it', 1, 1, 1, 1, 0, NULL, 'Migrato da user.sql con match email', '2025-11-16 16:52:21', '2025-11-21 20:56:06'),
(5, 8, 'user', 'self', 'federico.addotta', '$2y$10$.BcuCvRpfXDwUbseLKu68OXwNPQMBzR0WJNEabYc1YRJ3o9XSQwLK', 'federicoaddotta1234@gmail.com', 1, 1, 1, 0, 0, '2026-04-21 18:25:49', 'Migrato da user.sql con match email', '2025-11-16 16:53:37', '2026-04-21 18:25:55'),
(6, 9, 'manager', 'team', 'daniela.andreoli', '$2y$12$4Lt6NN/q92yaVx70CBC/KuN4EQMqGtkyViSXoqS3srpFh4efN.JDy', 'danieland@tiscali.it', 1, 1, 1, 1, 1, NULL, 'Migrato da user.sql con match email | amministrazione', '2025-11-16 16:54:56', '2025-11-21 20:59:56'),
(7, 10, 'manager', 'team', 'mauro.baseotto', '$2y$12$hM/zuBtewImXXg71.YJCa.MQlH4xhLdPIhEZMDKjvJ.lIpCtklqtq', 'mauro.baseotto@standardse.it', 1, 1, 1, 1, 1, NULL, 'Migrato da user.sql con match email', '2025-11-16 16:56:04', '2025-11-23 19:40:53'),
(8, 11, 'user', 'self', 'alessandro.bineri', '$2y$12$41nler5.Yj4tuhYcOhXBLulBPvWixZTkDXcOmkOTZ90SlA1snjzjG', 'binerialessandro@gmail.com', 1, 1, 1, 1, 0, NULL, 'Migrato da user.sql con match email', '2025-11-16 16:57:06', '2025-11-23 19:41:33'),
(9, 12, 'manager', 'team', 'simona.bruno', '$2y$12$K6Ln/hs4YPVQl8fnlsujiuWn.zJMRmqpgD0faIX.KtazvInNKHn1O', 'commerciale@standardse.it', 1, 1, 1, 1, 1, NULL, 'Migrato da user.sql con match generated_username | amministrativo', '2025-11-16 16:58:04', '2025-11-23 19:42:06'),
(10, 13, 'user', 'self', 'alessio.brusciano', '$2y$12$C1OSfUf.KObAwhKjTOFr4eU7jIREqp3AR4H.nPrZ2hymsJ/i4ygE2', 'alessiobrusciano51@gmail.com', 1, 1, 1, 1, 0, NULL, 'Migrato da user.sql con match email', '2025-11-16 16:59:37', '2025-11-23 19:43:01'),
(11, 14, 'user', 'self', 'alessandro.canepuccia', '$2y$12$BhPRaQIlYb4wu6a6FPz85Ohd0sSQZTQQ/B1DTnBJ7TCkNnuYr8vUS', 'ale.canepuccia282@gmail.com', 1, 1, 1, 1, 0, NULL, 'Migrato da user.sql con match email', '2025-11-16 17:00:21', '2025-11-23 19:44:24'),
(12, 15, 'user', 'self', 'marco.caporro', '$2y$12$gljOYSqMyrccr8/AlyBOGOJ8OZsGbH.nt5kLTlwzbhNq640I6G4vi', 'marcoc86@gmail.com', 1, 1, 1, 1, 0, NULL, 'Migrato da user.sql con match email', '2025-11-16 17:01:46', '2025-11-23 19:44:44'),
(13, 16, 'user', 'self', 'leonardo.cavaliere', '$2y$12$vvlu/xjG.phnwv/GuycJZOhvn7bsH4H5V2i6cNWJPHYt0tCAGEy8G', 'leonardocavalierecl@gmail.com', 1, 1, 1, 1, 0, NULL, 'Migrato da user.sql con match email', '2025-11-16 17:02:31', '2025-11-23 19:45:00'),
(14, 17, 'manager', 'team', 'lorenzo.cavallaro', '$2y$12$U8RVcMCdHRIGKRnG0yQGiuucOEojpuVk9v8BEpFWnG7bq4Cm/Gwge', 'lore.cavallaro@gmail.com', 1, 1, 1, 1, 0, NULL, 'Migrato da user.sql con match generated_username | big boss', '2025-11-16 17:03:12', '2025-11-23 19:45:23'),
(15, 18, 'user', 'self', 'matteo.chiominto', '$2y$12$MGLXjGF7MdZaTsTKYeXrIumhRGZ2sZBMTjWigh/5DkIQFuhv5D6wO', 'matteo.chiominto.1991@gmail.com', 1, 1, 1, 1, 0, NULL, 'Migrato da user.sql con match email', '2025-11-16 17:04:11', '2025-11-23 19:45:47'),
(16, 19, 'user', 'self', 'matteo.ciarpella', '$2y$12$wfBHWmuh4W2irOcfKsuHKOrEy3xEuadp97xGfRRJ06LMoNsx4neqm', 'ciarpellamatteo@gmail.com', 1, 1, 1, 1, 0, NULL, 'Migrato da user.sql con match email', '2025-11-16 17:04:44', '2026-04-18 08:40:44'),
(17, 20, 'user', 'self', 'matteo.drago', '$2y$12$bq6N2Uiy3HHthJh7/n7R/ujn2RE.sqQ7u0LsApkjt5x8ntSPcEoka', 'dragomatteo788@gmail.com', 1, 1, 1, 1, 0, NULL, 'Migrato da user.sql con match email', '2025-11-16 17:05:32', '2026-03-31 07:37:46'),
(18, 21, 'user', 'self', 'giovanni.daloia', '$2y$12$jjopb019n0LJ93yUdp/rfecukqrqE1WnsVezR9gPp8fUnf7OvBbTO', 'giovanni1084@live.it', 1, 1, 1, 1, 0, NULL, 'Migrato da user.sql con match email', '2025-11-16 17:06:21', '2025-11-23 19:46:31'),
(19, 22, 'user', 'self', 'alberto.dicurzio', '$2y$12$Q4ZsrR2vvUcKZaGQl6MgReRy7EAOyZHGebsQEa0VSuunRlevIFFK6', 'alberto.dicurzio@standardse.it', 1, 1, 1, 1, 0, NULL, 'Migrato da user.sql con match email', '2025-11-16 17:07:25', '2025-11-23 19:46:55'),
(20, 23, 'manager', 'team', 'gabriele.dicuzio', '$2y$12$9Z9P8Ctldn9lLhiokPFXr.LWPsuPZ0TjpE0pWEpHoiMClvf9114By', 'gabriele200701@outlook.it', 1, 1, 1, 1, 1, NULL, 'Migrato da user.sql con match email | Amministrazione', '2025-11-16 17:08:30', '2025-11-23 19:47:16'),
(21, 24, 'user', 'self', 'vittorio.dilorenzo', '$2y$12$yp6ZoujF85Ql0YcLTiB6Ve/bQjz3az6AxAoNJedFPv/W3aDauMrjW', 'vittorio.dilorenzo61@gmail.com', 1, 1, 1, 1, 0, NULL, 'Migrato da user.sql con match email', '2025-11-16 17:09:21', '2025-11-23 19:47:34'),
(22, 25, 'user', 'self', 'nicola.diamante', '$2y$12$jvahynN8a4RbXK1rnHKdh.5qg8JGhN5.4bGj1NT5xs53hYamBAyP.', 'nicola.diamante@hotmail.it', 1, 1, 1, 1, 0, NULL, 'Migrato da user.sql con match email', '2025-11-16 17:11:45', '2026-04-01 06:39:41'),
(23, 26, 'user', 'self', 'mirko.ferri', '$2y$12$39ST6zpMQYpL5UT80fEEkOX2vPcrd9vgjD79x3FLotvr4kzGSh52i', 'ferrimirko67@gmail.com', 1, 1, 1, 1, 0, NULL, 'Migrato da user.sql con match email', '2025-11-16 17:55:39', '2025-11-23 19:48:31'),
(24, 27, 'user', 'self', 'carlo.gasparro', '$2y$12$KjDoR9B6jnQca5kkLsXMwOEvQOD32luBKVTfXKJ7LQL56L5Y6AmYC', 'carlo.gas@outlook.it', 1, 1, 1, 1, 0, NULL, 'Migrato da user.sql con match email', '2025-11-16 18:04:46', '2025-11-16 18:04:46'),
(25, 28, 'manager', 'team', 'chiara.gattomelato', '$2y$12$l9/DLnhtvNzLVTfq44Zgz.p4dpeBePoLFFiveBF2VyxjpYWf3p8x2', 'chia.cn12@hotmail.it', 1, 1, 1, 1, 1, NULL, 'Migrato da user.sql con match email | amministrazione', '2025-11-16 18:05:10', '2025-11-23 19:48:51'),
(26, 29, 'user', 'self', 'ioan.huci', '$2y$12$QJHAIF/sk5TYUtnnQ10kg.tc/K7fePVFgICWwuUz66uwNXJqv.diK', 'ioanhuci@yahoo.com', 1, 1, 1, 1, 0, NULL, 'Migrato da user.sql con match email', '2025-11-16 18:06:06', '2026-04-01 16:12:50'),
(27, 30, 'user', 'self', 'jose.iacovelli', '$2y$12$DZsgUphWJ570BN9M9IW.I.0Mri6GqAg0DjrPGgUJBdn7VBpxnTDKu', 'jose.iacovelli@gmail.com', 1, 1, 1, 1, 0, NULL, 'Migrato da user.sql con match email', '2025-11-16 18:17:03', '2025-11-23 19:49:33'),
(28, 31, 'user', 'self', 'costantin.iovanescu', '$2y$12$NpAaJNkqTzRJIzyzPCx99ONyNtXXM7RRVGBm/PxZNJdqsHchHj47i', 'florin.iovanescu@yahoo.it', 1, 1, 1, 1, 0, NULL, 'Migrato da user.sql con match email', '2025-11-16 18:18:08', '2025-11-23 19:49:50'),
(29, 32, 'user', 'self', 'olga.ishimweumutoniwase', '$2y$12$hpkOHGnmgtMPBC4JwQvBwe./TBkwNOAHHfxOiqHUKRiMxB34qgDRu', 'isholgita@gmail.com', 1, 1, 1, 1, 0, NULL, 'Creato da dipendenti.sql', '2025-11-16 18:20:42', '2025-11-23 19:50:11'),
(30, 33, 'user', 'self', 'alessandro.labua', '$2y$12$GzXk2t5GkKdPHMitnZPbQ.2D/fqIDHrzW/rQzBoakKHWxCWpW0NYy', 'labua.alessandro@gmail.com', 1, 1, 1, 1, 0, NULL, 'Migrato da user.sql con match email', '2025-11-16 18:22:11', '2025-11-23 19:50:52'),
(31, 34, 'user', 'self', 'stefano.lanini', '$2y$12$/Bje80w95l4FW.87MTTwiO1ZO05ZGOLXEHPBvb2GMia3bKXh3suk.', 'stefanolanini75@gmail.com', 1, 1, 1, 1, 0, NULL, 'Migrato da user.sql con match email', '2025-11-16 18:23:06', '2025-11-23 19:51:52'),
(32, 35, 'manager', 'team', 'luca.liberatori', '$2y$12$iq2tFXLWdHZseJMJDN732u9sKrq7dlRhBFSlTJXOM4YTPJkCdIOty', 'luca.liberatori@standardse.it', 1, 1, 1, 1, 1, NULL, 'Migrato da user.sql con match email | Amministrazione', '2025-11-16 18:23:47', '2025-11-23 20:03:55'),
(33, 36, 'user', 'self', 'gregorio.lipari', '$2y$12$UW0Lsw5A5xTogA0zNebno.kFHdg51kgIAoQwpe/UyWLpwK1pBdkEG', 'liparig2@gmail.com', 1, 1, 1, 1, 0, NULL, 'Migrato da user.sql con match email', '2025-11-16 18:25:18', '2025-11-23 19:52:56'),
(34, 37, 'user', 'self', 'daniele.losito', '$2y$12$18iqshlh0EeC6L1mXksoFuHUoeRwnTTTy9BDsbRC85jDdn5nWSPSy', 'dora-daniele@hotmail.it', 1, 1, 1, 1, 0, NULL, 'Migrato da user.sql con match email', '2025-11-16 18:25:46', '2025-11-23 19:53:14'),
(35, 38, 'user', 'self', 'luigi.maletta', '$2y$12$Adz4eAhtImN1HWlPB188aOH38MYRhv.RNWBgVsi9m9ESewpbzWoOK', 'gigimaletta@tiscali.it', 1, 1, 1, 1, 0, NULL, 'Migrato da user.sql con match email', '2025-11-16 18:26:30', '2025-11-23 19:53:44'),
(36, 39, 'user', 'self', 'simone.menichelli', '$2y$12$Ee2eEj2VO1sp1TJqZooCRO17oB6I63D66VGLDuB1EPrkQ9sYPKhH6', 'simone.menichelli74@gmail.com', 1, 1, 1, 1, 0, NULL, 'Migrato da user.sql con match email', '2025-11-16 18:27:18', '2026-04-11 18:08:29'),
(37, 40, 'manager', 'team', 'alberto.moccia', '$2y$12$/LPN.hmMnqe2s1moVQa6vORVIqDJ6c2gVvbv7tAZWg/RihadVgCZ6', 'alberto.moccia@standardse.it', 1, 1, 1, 1, 0, NULL, 'Migrato da user.sql con match email | account manager', '2025-11-16 18:27:58', '2025-11-23 19:54:55'),
(38, 41, 'user', 'self', 'simone.mihalache', '$2y$12$gO1QTtyIF6Xbx8gG9l9ScuFewBgxEC9IrV9RUEeqic5srNabRI.nG', 'simone.florin@yahoo.it', 1, 1, 1, 1, 0, NULL, 'Migrato da user.sql con match email', '2025-11-16 18:29:00', '2025-11-23 19:54:29'),
(39, 42, 'user', 'self', 'laurentiu.nechita', '$2y$12$TPDmi8VXlz42qeNKXSrH0u3wqARd271AwKiml5VPsM4LeY0w6D./S', 'laurentiu.nechita.ln@gmail.com', 1, 1, 1, 1, 0, NULL, 'Migrato da user.sql con match email', '2025-11-16 18:30:01', '2026-04-18 07:47:09'),
(40, 43, 'user', 'self', 'ion.nicolae', '$2y$12$mWnSm7y4hafswFqqECRgqOsUZxR7HqczgR0VZIm8VGQ0f9EyjEvHS', 'nicolae.ion.dumitru@gmail.com', 1, 1, 1, 1, 0, NULL, 'Migrato da user.sql con match email', '2025-11-16 18:31:00', '2025-11-23 19:55:33'),
(41, 44, 'user', 'self', 'paul.niculita', '$2y$12$nlv2HVcO5srMICRTVGDvueM73D6EgBo.vweAnkqXAnosTO0KxpPzi', 'paulniculita460@gmail.com', 1, 1, 1, 1, 0, NULL, 'Migrato da user.sql con match email', '2025-11-16 18:32:16', '2025-11-23 19:56:00'),
(42, 45, 'manager', 'team', 'marco.nigro', '$2y$12$4rbcQX7p0mAAx6.GROE.ueduXPkwl.Dx6yPJtrIwsec/knq4d50F2', 'marco.nigro@standardse.it', 1, 1, 1, 1, 0, NULL, 'Migrato da user.sql con match email', '2025-11-16 18:35:37', '2025-11-23 19:56:38'),
(43, 46, 'user', 'self', 'stefano.pagliacci', '$2y$12$eTqp8dHrb5JOt1Ox8KNAYefZQSpNno0JWx0V9yC0cfrwT8so1OG1i', 'pagliaccistefano@gmail.com', 1, 1, 1, 1, 0, NULL, 'Migrato da user.sql con match email', '2025-11-16 18:36:57', '2025-11-23 19:56:54'),
(44, 47, 'user', 'self', 'alessandro.panci', '$2y$12$r6GFfI0Z0Cuql/bfBZ3T1eLFNM244fzzggP9a5HZqptNc4w.erSEC', 'alessandro.panci@gmail.com', 1, 1, 1, 1, 0, NULL, 'Migrato da user.sql con match email', '2025-11-16 18:37:28', '2025-11-23 19:57:14'),
(45, 48, 'user', 'self', 'daniele.picchi', '$2y$12$XR/QGY4TVmH8TPzs17Wnnug/FBHAYjx5pLCkYfmsJI4xZ7TZkL72u', 'daniele.picchi@standardse.it', 1, 1, 1, 1, 0, NULL, 'Migrato da user.sql con match email', '2025-11-16 18:37:59', '2025-11-23 19:57:37'),
(46, 49, 'manager', 'team', 'roberto.piccoli', '$2y$12$hqw5zz4N6TqW3g31R81Dku2EEPCGi.bKwRn0iUo41jgVDApcCOdb6', 'roberto.piccoli@standardse.it', 1, 1, 1, 1, 1, NULL, 'Migrato da user.sql con match email | amministrazione', '2025-11-16 18:38:42', '2025-11-23 19:58:02'),
(47, 50, 'user', 'self', 'alexandru.poiata', '$2y$12$B.LxB/IsqxNNuhNXT7SWyOWo47bGuAbJgK1G9u1OIhUByJyVh.T5q', 'alexandrupoiata2021@libero.it', 1, 1, 1, 1, 0, NULL, 'Migrato da user.sql con match email', '2025-11-16 18:40:32', '2026-04-06 22:27:18'),
(48, 51, 'user', 'self', 'matteo.riccetti', '$2y$12$LVcagLF9xKTGEhBIVf08SeIT/Rr45pBgUoRfC4HqqzBp5VV.17KCm', 'matteoriccetti90@gmail.com', 1, 1, 1, 1, 0, NULL, 'Migrato da user.sql con match email', '2025-11-16 18:43:03', '2025-11-23 19:58:39'),
(49, 52, 'user', 'self', 'stefano.rotella', '$2y$12$v6tTjFv3SsE1EEKW4kvufuBTfCwbAaUt3URkw948t8w3V4VbT.vmK', 'stefano.rotella90@gmail.com', 1, 1, 1, 1, 0, NULL, 'Migrato da user.sql con match email', '2025-11-16 18:43:51', '2026-04-07 21:17:25'),
(50, 53, 'user', 'self', 'diego.sarti', '$2y$12$qHdhie1dk4dN3Q7dBWB.r.7RC9eF22WaAmBztrTg1N6WLmVwZ609q', 'diego.sarti@libero.it', 1, 1, 1, 1, 0, NULL, 'Migrato da user.sql con match email', '2025-11-16 18:47:52', '2025-11-23 19:59:12'),
(51, 54, 'user', 'self', 'stefano.scamarcio', '$2y$12$ScMwF25dkmJIjfIC3r3ndu/Hd2g91NxI1k5e/jIr6HpV0gby0WsDu', 'stefano.scamarcio1962@outlook.it', 1, 1, 1, 1, 0, NULL, 'Migrato da user.sql con match email', '2025-11-16 18:48:24', '2025-11-23 19:59:24'),
(52, 55, 'user', 'self', 'lorenzo.scarpa', '$2y$12$44oTTM5NJ3L17Vk5VRZj4O7aZx3sJbHyCvL5xIDZF40O8/KDn8vDu', 'lorenzofrancesca9490@gmail.com', 1, 1, 1, 1, 0, NULL, 'Migrato da user.sql con match email', '2025-11-16 18:49:20', '2025-11-23 19:59:32'),
(53, 56, 'user', 'self', 'domenico.scuteri', '$2y$12$C53DPdYEN5rBStPfhEICRucBXC1qNXIsX6vWgjKW84/60HgssBGD6', 'domenicoscuteri88@gmail.com', 1, 1, 1, 1, 0, NULL, 'Migrato da user.sql con match email', '2025-11-16 18:50:01', '2025-11-23 19:59:46'),
(54, 57, 'user', 'self', 'luca.scuteri', '$2y$12$x30pMctdprjxXCNepy3DUeV99lw4QWvdhhHmfekBuWCMmbYWIJ3Ea', 'luca.scuteri10@gmail.com', 1, 1, 1, 1, 0, NULL, 'Migrato da user.sql con match email', '2025-11-16 18:51:04', '2025-11-23 19:59:54'),
(55, 58, 'user', 'self', 'roberto.scuteri', '$2y$12$pJjCX3lcwH0tr5K6z6has.vDTz223Wc9uyzK5GmdBTZYKtu6.BZWq', 'rob.scuteri@gmail.com', 1, 1, 1, 1, 0, NULL, 'Migrato da user.sql con match email', '2025-11-16 18:51:47', '2025-11-23 20:00:08'),
(56, 59, 'user', 'self', 'giuliano.sopranzi', '$2y$12$Cbsp41.dd/YJdAep9tBOA.dsV3AukdqjoXKNGTLkYCMb3wCmh4jnu', 'giuliano.sopranzi@me.com', 1, 1, 1, 1, 0, NULL, 'Migrato da user.sql con match email', '2025-11-16 18:52:41', '2026-04-18 08:41:06'),
(57, 60, 'manager', 'team', 'alessandro.spallacci', '$2y$12$I5stGTI5.FnHw8A49Hmeqey97YuwPkI9.8rFluLAXtjvUtWikQitS', 'alessandro.spallacci@standardse.it', 1, 1, 1, 1, 1, NULL, 'Migrato da user.sql con match email', '2025-11-16 18:54:08', '2025-11-23 20:00:51'),
(58, 61, 'master', 'global', 'federico.spallacci', '$2y$12$yp0nBWl4ulm9w4s7CwRp4uMzISBzC1QVZs0rYyYoAnXB.ylbdC6ni', 'federico.spallacci@standardse.it', 1, 1, 1, 1, 1, NULL, 'Migrato da user.sql con match email | Super Fefo', '2025-11-16 18:54:31', '2026-04-12 19:21:51'),
(59, 62, 'manager', 'team', 'loredana.spallacci', '$2y$12$ZdPnHj7eWXuIkHTeZNj2auaonrlGTosCzRMjFUVzDKcxgl22FCvTC', 'loredana.spallacci@standardse.it', 1, 1, 1, 1, 1, NULL, 'Migrato da user.sql con match email | Amministrazione', '2025-11-16 18:55:13', '2025-11-23 20:03:41'),
(60, 63, 'user', 'self', 'daniele.stradone', '$2y$12$lgJHwUzbO7veysPn5769HuIRgJT2jT5F4l5Xn87ieXqQpQ49wQYIy', 'dani2199@hotmail.it', 1, 1, 1, 1, 0, NULL, 'Migrato da user.sql con match email', '2025-11-16 18:56:15', '2025-11-23 20:04:47'),
(61, 64, 'user', 'self', 'ciprian.vasile', '$2y$12$DS7urx45.u1F6P74X8lIN.GDytftr4Rx00W2TxMatUCOT/K0pbj0m', 'ciprivasile75@gmail.com', 1, 1, 1, 1, 0, NULL, 'Migrato da user.sql con match email', '2025-11-16 18:58:06', '2025-11-23 20:04:57'),
(62, 65, 'user', 'self', 'francesco.vasselli', '$2y$12$LHn8h2AN.38uE3MJjvwIYenCGNgrWz5Bk0AnWzxMcfKBrsdaf6XM.', 'francesco17000@gmail.com', 1, 1, 1, 1, 0, NULL, 'Migrato da user.sql con match email', '2025-11-16 19:00:06', '2025-11-23 20:05:04'),
(63, 66, 'user', 'self', 'loaiza.vega', '$2y$12$0E4lxhNxDWTANdNgJeMqyuLGCQmYlbFo208WU3bwrNXERP4LCLTPa', 'fachicovega@gmail.com', 1, 1, 1, 1, 0, NULL, 'Migrato da user.sql con match email', '2025-11-16 19:00:57', '2025-11-23 20:05:11'),
(64, 67, 'user', 'self', 'mattia.vendittozzi', '$2y$12$e7IJcrMXJbFQLt0aYLmQMudtfv135JGyBxguShITwlMzsB7aRz6Fa', 'mattiavendittozzi@yahoo.it', 1, 1, 1, 1, 0, NULL, 'Migrato da user.sql con match email', '2025-11-16 19:01:25', '2026-04-18 08:44:38'),
(65, 68, 'user', 'self', 'valerio.sicuranza', '$2y$12$Aj/VSsho9/YfVPwUD8Su3e5JyTWHgl.A4QCZAFDM4H9/xtwjQZQZq', 'valerio.sicuranza@standardse.it', 1, 1, 1, 1, 0, NULL, 'Migrato da user.sql con match email', '2026-03-31 15:19:35', '2026-03-31 15:19:35'),
(66, 69, 'user', 'self', 'adigbli.dellacroix', '$2y$12$udaWBVIPDdtdNxWDrjhnWOWNpxX/6aTRLZhuqPvOVuGdTvx4NDHoK', 'dellacroix@standardse.it', 1, 1, 1, 1, 0, NULL, 'Migrato da user.sql con match email', '2026-04-11 17:57:53', '2026-04-11 17:57:53'),
(67, 70, 'user', 'self', 'roberto.rinaldi', '$2y$12$rTHMGlVqVZ5ScS35fA9pVORCGhX8YYEy1Tc6K198KXDFJV1szi94K', 'rinaldi@standardse.it', 1, 1, 1, 1, 0, NULL, 'Creato da dipendenti.sql', '2026-04-18 08:26:50', '2026-04-18 08:51:01'),
(68, 71, 'user', 'self', 'mario.rossi', '$2y$10$.NhaaTL.u2vDVx6DxR4VEeQWLT3niicSDyCkxgTcOPNpYoqA4ptFK', '', 1, 0, 1, 1, 0, NULL, NULL, '2026-04-22 20:54:34', '2026-04-22 20:54:34');

-- --------------------------------------------------------

--
-- Struttura della tabella `user_favorite_destinations`
--

CREATE TABLE `user_favorite_destinations` (
  `id` int(10) UNSIGNED NOT NULL,
  `user_id` int(10) UNSIGNED NOT NULL,
  `cantiere_id` int(10) UNSIGNED NOT NULL,
  `created_at` datetime NOT NULL DEFAULT current_timestamp()
) ENGINE=InnoDB DEFAULT CHARSET=utf8mb4 COLLATE=utf8mb4_unicode_ci COMMENT='Destinazioni preferite salvate per utente';

--
-- Dump dei dati per la tabella `user_favorite_destinations`
--

INSERT INTO `user_favorite_destinations` (`id`, `user_id`, `cantiere_id`, `created_at`) VALUES
(3, 2, 14, '2026-04-21 13:20:13');

-- --------------------------------------------------------

--
-- Struttura della tabella `user_permissions`
--

CREATE TABLE `user_permissions` (
  `id` int(10) UNSIGNED NOT NULL,
  `user_id` int(10) UNSIGNED NOT NULL,
  `permission_id` int(10) UNSIGNED NOT NULL,
  `is_allowed` tinyint(1) NOT NULL DEFAULT 1
) ENGINE=InnoDB DEFAULT CHARSET=utf8mb4 COLLATE=utf8mb4_unicode_ci COMMENT='Override permessi per singolo utente';

--
-- Indici per le tabelle scaricate
--

--
-- Indici per le tabelle `app_notifications`
--
ALTER TABLE `app_notifications`
  ADD PRIMARY KEY (`id`),
  ADD KEY `idx_app_notifications_dipendente` (`dipendente_id`),
  ADD KEY `idx_app_notifications_read` (`is_read`);

--
-- Indici per le tabelle `app_push_subscriptions`
--
ALTER TABLE `app_push_subscriptions`
  ADD PRIMARY KEY (`id`),
  ADD UNIQUE KEY `uniq_endpoint` (`endpoint`(255)),
  ADD KEY `idx_push_dipendente` (`dipendente_id`);

--
-- Indici per le tabelle `cantieri`
--
ALTER TABLE `cantieri`
  ADD PRIMARY KEY (`id`),
  ADD KEY `idx_cantieri_commessa` (`commessa`),
  ADD KEY `idx_cantieri_comune` (`comune`),
  ADD KEY `idx_cantieri_tipologia` (`tipologia`);

--
-- Indici per le tabelle `dipendenti`
--
ALTER TABLE `dipendenti`
  ADD PRIMARY KEY (`id`),
  ADD UNIQUE KEY `uq_dipendenti_matricola` (`matricola`),
  ADD KEY `idx_dipendenti_nome_cognome` (`nome`,`cognome`),
  ADD KEY `idx_dipendenti_tipologia` (`tipologia`),
  ADD KEY `idx_dipendenti_capo_cantiere` (`capo_cantiere`),
  ADD KEY `idx_dipendenti_preposto` (`preposto`);

--
-- Indici per le tabelle `eventi_turni`
--
ALTER TABLE `eventi_turni`
  ADD PRIMARY KEY (`id`),
  ADD KEY `idx_eventi_data` (`data`),
  ADD KEY `idx_eventi_dipendente` (`id_dipendente`),
  ADD KEY `idx_eventi_cantiere` (`id_cantiere`),
  ADD KEY `idx_eventi_created_by` (`created_by`);

--
-- Indici per le tabelle `permissions`
--
ALTER TABLE `permissions`
  ADD PRIMARY KEY (`id`),
  ADD UNIQUE KEY `uq_permissions_code` (`code`),
  ADD KEY `idx_permissions_module` (`module`);

--
-- Indici per le tabelle `role_permissions`
--
ALTER TABLE `role_permissions`
  ADD PRIMARY KEY (`id`),
  ADD UNIQUE KEY `uq_role_permission` (`role`,`permission_id`),
  ADD KEY `idx_role_permissions_permission` (`permission_id`);

--
-- Indici per le tabelle `settings`
--
ALTER TABLE `settings`
  ADD PRIMARY KEY (`id`),
  ADD UNIQUE KEY `uk_settings_chiave` (`chiave`);

--
-- Indici per le tabelle `users`
--
ALTER TABLE `users`
  ADD PRIMARY KEY (`id`),
  ADD UNIQUE KEY `uq_users_username` (`username`),
  ADD UNIQUE KEY `uq_users_dipendente_id` (`dipendente_id`),
  ADD KEY `idx_users_role` (`role`),
  ADD KEY `idx_users_scope` (`scope`),
  ADD KEY `idx_users_active` (`is_active`);

--
-- Indici per le tabelle `user_favorite_destinations`
--
ALTER TABLE `user_favorite_destinations`
  ADD PRIMARY KEY (`id`),
  ADD UNIQUE KEY `uq_user_favorite_destination` (`user_id`,`cantiere_id`),
  ADD KEY `idx_user_favorite_destinations_cantiere` (`cantiere_id`);

--
-- Indici per le tabelle `user_permissions`
--
ALTER TABLE `user_permissions`
  ADD PRIMARY KEY (`id`),
  ADD UNIQUE KEY `uq_user_permission` (`user_id`,`permission_id`),
  ADD KEY `idx_user_permissions_permission` (`permission_id`);

--
-- AUTO_INCREMENT per le tabelle scaricate
--

--
-- AUTO_INCREMENT per la tabella `app_notifications`
--
ALTER TABLE `app_notifications`
  MODIFY `id` int(10) UNSIGNED NOT NULL AUTO_INCREMENT;

--
-- AUTO_INCREMENT per la tabella `app_push_subscriptions`
--
ALTER TABLE `app_push_subscriptions`
  MODIFY `id` int(10) UNSIGNED NOT NULL AUTO_INCREMENT;

--
-- AUTO_INCREMENT per la tabella `cantieri`
--
ALTER TABLE `cantieri`
  MODIFY `id` int(10) UNSIGNED NOT NULL AUTO_INCREMENT, AUTO_INCREMENT=18;

--
-- AUTO_INCREMENT per la tabella `dipendenti`
--
ALTER TABLE `dipendenti`
  MODIFY `id` int(10) UNSIGNED NOT NULL AUTO_INCREMENT;

--
-- AUTO_INCREMENT per la tabella `eventi_turni`
--
ALTER TABLE `eventi_turni`
  MODIFY `id` int(10) UNSIGNED NOT NULL AUTO_INCREMENT, AUTO_INCREMENT=659;

--
-- AUTO_INCREMENT per la tabella `permissions`
--
ALTER TABLE `permissions`
  MODIFY `id` int(10) UNSIGNED NOT NULL AUTO_INCREMENT, AUTO_INCREMENT=30;

--
-- AUTO_INCREMENT per la tabella `role_permissions`
--
ALTER TABLE `role_permissions`
  MODIFY `id` int(10) UNSIGNED NOT NULL AUTO_INCREMENT, AUTO_INCREMENT=169;

--
-- AUTO_INCREMENT per la tabella `settings`
--
ALTER TABLE `settings`
  MODIFY `id` int(10) UNSIGNED NOT NULL AUTO_INCREMENT, AUTO_INCREMENT=99;

--
-- AUTO_INCREMENT per la tabella `users`
--
ALTER TABLE `users`
  MODIFY `id` int(10) UNSIGNED NOT NULL AUTO_INCREMENT, AUTO_INCREMENT=69;

--
-- AUTO_INCREMENT per la tabella `user_favorite_destinations`
--
ALTER TABLE `user_favorite_destinations`
  MODIFY `id` int(10) UNSIGNED NOT NULL AUTO_INCREMENT, AUTO_INCREMENT=4;

--
-- AUTO_INCREMENT per la tabella `user_permissions`
--
ALTER TABLE `user_permissions`
  MODIFY `id` int(10) UNSIGNED NOT NULL AUTO_INCREMENT;

--
-- Limiti per le tabelle scaricate
--

--
-- Limiti per la tabella `role_permissions`
--
ALTER TABLE `role_permissions`
  ADD CONSTRAINT `fk_role_permissions_permission` FOREIGN KEY (`permission_id`) REFERENCES `permissions` (`id`) ON DELETE CASCADE ON UPDATE CASCADE;

--
-- Limiti per la tabella `users`
--
ALTER TABLE `users`
  ADD CONSTRAINT `fk_users_dipendente` FOREIGN KEY (`dipendente_id`) REFERENCES `dipendenti` (`id`) ON DELETE SET NULL ON UPDATE CASCADE;

--
-- Limiti per la tabella `user_favorite_destinations`
--
ALTER TABLE `user_favorite_destinations`
  ADD CONSTRAINT `fk_user_favorite_destinations_cantiere` FOREIGN KEY (`cantiere_id`) REFERENCES `cantieri` (`id`) ON DELETE CASCADE ON UPDATE CASCADE,
  ADD CONSTRAINT `fk_user_favorite_destinations_user` FOREIGN KEY (`user_id`) REFERENCES `users` (`id`) ON DELETE CASCADE ON UPDATE CASCADE;

--
-- Limiti per la tabella `user_permissions`
--
ALTER TABLE `user_permissions`
  ADD CONSTRAINT `fk_user_permissions_permission` FOREIGN KEY (`permission_id`) REFERENCES `permissions` (`id`) ON DELETE CASCADE ON UPDATE CASCADE,
  ADD CONSTRAINT `fk_user_permissions_user` FOREIGN KEY (`user_id`) REFERENCES `users` (`id`) ON DELETE CASCADE ON UPDATE CASCADE;
COMMIT;

/*!40101 SET CHARACTER_SET_CLIENT=@OLD_CHARACTER_SET_CLIENT */;
/*!40101 SET CHARACTER_SET_RESULTS=@OLD_CHARACTER_SET_RESULTS */;
/*!40101 SET COLLATION_CONNECTION=@OLD_COLLATION_CONNECTION */;
